2025-08-07 18:13:10,140 [Worker-2: Loading available Gradle versions] INFO  o.e.b.c.i.u.g.PublishedGradleVersions - Gradle version information cache is not available. Remote download required.
2025-08-07 20:59:49,755 [Worker-2: Loading available Gradle versions] INFO  o.e.b.c.i.u.g.PublishedGradleVersions - Gradle version information cache is up-to-date. Trying to read.
2025-08-08 15:35:29,944 [Worker-2: Loading available Gradle versions] INFO  o.e.b.c.i.u.g.PublishedGradleVersions - Gradle version information cache is up-to-date. Trying to read.
2025-08-08 15:40:20,977 [Worker-8: Loading available Gradle versions] INFO  o.e.b.c.i.u.g.PublishedGradleVersions - Gradle version information cache is up-to-date. Trying to read.
2025-08-08 19:06:56,478 [Worker-5: Loading available Gradle versions] INFO  o.e.b.c.i.u.g.PublishedGradleVersions - Gradle version information cache is out-of-date. Trying to update.
2025-08-09 14:29:06,980 [Worker-8: Loading available Gradle versions] INFO  o.e.b.c.i.u.g.PublishedGradleVersions - Gradle version information cache is up-to-date. Trying to read.
2025-08-09 14:56:51,713 [Worker-7: Loading available Gradle versions] INFO  o.e.b.c.i.u.g.PublishedGradleVersions - Gradle version information cache is up-to-date. Trying to read.
2025-08-09 16:56:44,563 [Worker-1: Loading available Gradle versions] INFO  o.e.b.c.i.u.g.PublishedGradleVersions - Gradle version information cache is up-to-date. Trying to read.
2025-08-09 19:47:33,383 [Worker-5: Loading available Gradle versions] INFO  o.e.b.c.i.u.g.PublishedGradleVersions - Gradle version information cache is out-of-date. Trying to update.
2025-08-10 19:26:32,023 [Worker-8: Loading available Gradle versions] INFO  o.e.b.c.i.u.g.PublishedGradleVersions - Gradle version information cache is up-to-date. Trying to read.
2025-08-10 19:38:44,069 [Worker-1: Loading available Gradle versions] INFO  o.e.b.c.i.u.g.PublishedGradleVersions - Gradle version information cache is up-to-date. Trying to read.
2025-08-10 19:49:26,204 [Worker-43: Enabling Maven Dependency Management] INFO  o.e.m.c.i.l.LifecycleMappingFactory - Using org.eclipse.m2e.jdt.JarLifecycleMapping lifecycle mapping for MavenProject: com.Cornelius:TodoList-cli:1.0.0 @ C:\Users\hbui3\OneDrive\Desktop\Java-prj\Todo-cli\TodoList-cli\pom.xml.
2025-08-10 19:49:26,888 [Worker-43: Enabling Maven Dependency Management] INFO  o.e.m.j.i.AbstractJavaProjectConfigurator - Adding source folder /TodoList-cli/src
2025-08-10 19:49:26,890 [Worker-43: Enabling Maven Dependency Management] INFO  o.e.m.j.i.AbstractJavaProjectConfigurator - Resources folder /TodoList-cli/src overlaps with sources folder /TodoList-cli/src
2025-08-10 19:49:26,891 [Worker-43: Enabling Maven Dependency Management] INFO  o.e.m.j.i.AbstractJavaProjectConfigurator - Not adding source folder /TodoList-cli/src/test/java because it overlaps with /TodoList-cli/src
2025-08-10 19:49:26,893 [Worker-43: Enabling Maven Dependency Management] INFO  o.e.m.j.i.AbstractJavaProjectConfigurator - Resources folder /TodoList-cli/src/test/resources overlaps with sources folder /TodoList-cli/src
2025-08-10 19:49:27,027 [Worker-43: Enabling Maven Dependency Management] INFO  o.e.m.c.i.p.ProjectConfigurationManager - Update started
2025-08-10 19:49:27,344 [Worker-43: Enabling Maven Dependency Management] INFO  o.e.m.c.i.l.LifecycleMappingFactory - Using org.eclipse.m2e.jdt.JarLifecycleMapping lifecycle mapping for MavenProject: com.Cornelius:TodoList-cli:1.0.0 @ C:\Users\hbui3\OneDrive\Desktop\Java-prj\Todo-cli\TodoList-cli\pom.xml.
2025-08-10 19:49:27,532 [Worker-43: Enabling Maven Dependency Management] INFO  o.e.m.j.i.AbstractJavaProjectConfigurator - Adding source folder /TodoList-cli/src
2025-08-10 19:49:27,533 [Worker-43: Enabling Maven Dependency Management] INFO  o.e.m.j.i.AbstractJavaProjectConfigurator - Resources folder /TodoList-cli/src overlaps with sources folder /TodoList-cli/src
2025-08-10 19:49:27,534 [Worker-43: Enabling Maven Dependency Management] INFO  o.e.m.j.i.AbstractJavaProjectConfigurator - Not adding source folder /TodoList-cli/src/test/java because it overlaps with /TodoList-cli/src
2025-08-10 19:49:27,535 [Worker-43: Enabling Maven Dependency Management] INFO  o.e.m.j.i.AbstractJavaProjectConfigurator - Resources folder /TodoList-cli/src/test/resources overlaps with sources folder /TodoList-cli/src
2025-08-10 19:49:27,583 [Worker-43: Enabling Maven Dependency Management] INFO  o.e.m.c.i.p.ProjectConfigurationManager - Update completed for 1 poms: local refresh takes 0.00 sec, refresh facades takes 0.00 sec, update config takes 0.00 sec 
2025-08-10 19:49:27,760 [Worker-46: Building] WARN  o.a.m.s.f.DefaultMavenResourcesFiltering - Using platform encoding (UTF-8 actually) to copy filtered resources, i.e. build is platform dependent!
2025-08-10 19:49:27,765 [Worker-46: Building] INFO  o.a.m.s.f.DefaultMavenResourcesFiltering - Copying 4 resources from src to target\classes
2025-08-10 19:49:27,779 [Worker-46: Building] WARN  o.a.m.s.f.DefaultMavenResourcesFiltering - Using platform encoding (UTF-8 actually) to copy filtered resources, i.e. build is platform dependent!
2025-08-10 19:49:27,780 [Worker-46: Building] INFO  o.a.m.s.f.DefaultMavenResourcesFiltering - skip non existing resourceDirectory C:\Users\hbui3\OneDrive\Desktop\Java-prj\Todo-cli\TodoList-cli\src\test\resources
2025-08-10 19:50:34,389 [Worker-44: Updating Maven Project] INFO  o.e.m.c.i.p.ProjectConfigurationManager - Update started
2025-08-10 19:50:34,546 [Worker-44: Updating Maven Project] INFO  o.e.m.c.i.l.LifecycleMappingFactory - Using org.eclipse.m2e.jdt.JarLifecycleMapping lifecycle mapping for MavenProject: com.Cornelius:TodoList-cli:1.0.0 @ C:\Users\hbui3\OneDrive\Desktop\Java-prj\Todo-cli\TodoList-cli\pom.xml.
2025-08-10 19:50:34,683 [Worker-44: Updating Maven Project] INFO  o.e.m.j.i.AbstractJavaProjectConfigurator - Adding source folder /TodoList-cli/src
2025-08-10 19:50:34,684 [Worker-44: Updating Maven Project] INFO  o.e.m.j.i.AbstractJavaProjectConfigurator - Resources folder /TodoList-cli/src overlaps with sources folder /TodoList-cli/src
2025-08-10 19:50:34,684 [Worker-44: Updating Maven Project] INFO  o.e.m.j.i.AbstractJavaProjectConfigurator - Not adding source folder /TodoList-cli/src/test/java because it overlaps with /TodoList-cli/src
2025-08-10 19:50:34,685 [Worker-44: Updating Maven Project] INFO  o.e.m.j.i.AbstractJavaProjectConfigurator - Resources folder /TodoList-cli/src/test/resources overlaps with sources folder /TodoList-cli/src
2025-08-10 19:50:34,732 [Worker-44: Updating Maven Project] INFO  o.e.m.c.i.p.ProjectConfigurationManager - Update completed for 1 poms: local refresh takes 0.00 sec, refresh facades takes 0.00 sec, update config takes 0.00 sec 
2025-08-10 19:50:34,912 [Worker-43: Building] WARN  o.a.m.s.f.DefaultMavenResourcesFiltering - Using platform encoding (UTF-8 actually) to copy filtered resources, i.e. build is platform dependent!
2025-08-10 19:50:34,914 [Worker-43: Building] INFO  o.a.m.s.f.DefaultMavenResourcesFiltering - Copying 4 resources from src to target\classes
2025-08-10 19:50:34,923 [Worker-43: Building] WARN  o.a.m.s.f.DefaultMavenResourcesFiltering - Using platform encoding (UTF-8 actually) to copy filtered resources, i.e. build is platform dependent!
2025-08-10 19:50:34,924 [Worker-43: Building] INFO  o.a.m.s.f.DefaultMavenResourcesFiltering - skip non existing resourceDirectory C:\Users\hbui3\OneDrive\Desktop\Java-prj\Todo-cli\TodoList-cli\src\test\resources
2025-08-10 19:52:27,201 [Worker-33: Building] WARN  o.a.m.s.f.DefaultMavenResourcesFiltering - Using platform encoding (UTF-8 actually) to copy filtered resources, i.e. build is platform dependent!
2025-08-10 19:52:27,205 [Worker-33: Building] INFO  o.a.m.s.f.DefaultMavenResourcesFiltering - Copying 4 resources from src to target\classes
2025-08-10 19:52:27,211 [Worker-33: Building] WARN  o.a.m.s.f.DefaultMavenResourcesFiltering - Using platform encoding (UTF-8 actually) to copy filtered resources, i.e. build is platform dependent!
2025-08-10 19:52:27,213 [Worker-33: Building] INFO  o.a.m.s.f.DefaultMavenResourcesFiltering - skip non existing resourceDirectory C:\Users\hbui3\OneDrive\Desktop\Java-prj\Todo-cli\TodoList-cli\src\test\resources
2025-08-10 19:53:10,607 [Worker-48: Launching Executing clean in C__Users_hbui3_OneDrive_Desktop_Java-prj_Todo-cli_TodoList-cli] INFO  o.eclipse.m2e.core.internal.Bundles - getClasspathEntries(Bundle=org.eclipse.m2e.maven.runtime_3.9.900.20250220-2013 [299])
2025-08-10 19:53:10,608 [Worker-48: Launching Executing clean in C__Users_hbui3_OneDrive_Desktop_Java-prj_Todo-cli_TodoList-cli] INFO  o.eclipse.m2e.core.internal.Bundles - 	Entry: C:\Users\hbui3\.p2\pool\plugins\org.eclipse.m2e.maven.runtime_3.9.900.20250220-2013
2025-08-10 19:53:10,609 [Worker-48: Launching Executing clean in C__Users_hbui3_OneDrive_Desktop_Java-prj_Todo-cli_TodoList-cli] INFO  o.eclipse.m2e.core.internal.Bundles - 	Entry: C:\Users\hbui3\.p2\pool\plugins\org.eclipse.m2e.maven.runtime_3.9.900.20250220-2013\jars\aopalliance-1.0.jar
2025-08-10 19:53:10,609 [Worker-48: Launching Executing clean in C__Users_hbui3_OneDrive_Desktop_Java-prj_Todo-cli_TodoList-cli] INFO  o.eclipse.m2e.core.internal.Bundles - 	Entry: C:\Users\hbui3\.p2\pool\plugins\org.eclipse.m2e.maven.runtime_3.9.900.20250220-2013\jars\guice-5.1.0.jar
2025-08-10 19:53:10,609 [Worker-48: Launching Executing clean in C__Users_hbui3_OneDrive_Desktop_Java-prj_Todo-cli_TodoList-cli] INFO  o.eclipse.m2e.core.internal.Bundles - 	Entry: C:\Users\hbui3\.p2\pool\plugins\org.eclipse.m2e.maven.runtime_3.9.900.20250220-2013\jars\httpclient-4.5.14.jar
2025-08-10 19:53:10,609 [Worker-48: Launching Executing clean in C__Users_hbui3_OneDrive_Desktop_Java-prj_Todo-cli_TodoList-cli] INFO  o.eclipse.m2e.core.internal.Bundles - 	Entry: C:\Users\hbui3\.p2\pool\plugins\org.eclipse.m2e.maven.runtime_3.9.900.20250220-2013\jars\httpcore-4.4.16.jar
2025-08-10 19:53:10,609 [Worker-48: Launching Executing clean in C__Users_hbui3_OneDrive_Desktop_Java-prj_Todo-cli_TodoList-cli] INFO  o.eclipse.m2e.core.internal.Bundles - 	Entry: C:\Users\hbui3\.p2\pool\plugins\org.eclipse.m2e.maven.runtime_3.9.900.20250220-2013\jars\jansi-2.4.1.jar
2025-08-10 19:53:10,609 [Worker-48: Launching Executing clean in C__Users_hbui3_OneDrive_Desktop_Java-prj_Todo-cli_TodoList-cli] INFO  o.eclipse.m2e.core.internal.Bundles - 	Entry: C:\Users\hbui3\.p2\pool\plugins\org.eclipse.m2e.maven.runtime_3.9.900.20250220-2013\jars\jcl-over-slf4j-1.7.36.jar
2025-08-10 19:53:10,610 [Worker-48: Launching Executing clean in C__Users_hbui3_OneDrive_Desktop_Java-prj_Todo-cli_TodoList-cli] INFO  o.eclipse.m2e.core.internal.Bundles - 	Entry: C:\Users\hbui3\.p2\pool\plugins\org.eclipse.m2e.maven.runtime_3.9.900.20250220-2013\jars\maven-artifact-3.9.9.jar
2025-08-10 19:53:10,610 [Worker-48: Launching Executing clean in C__Users_hbui3_OneDrive_Desktop_Java-prj_Todo-cli_TodoList-cli] INFO  o.eclipse.m2e.core.internal.Bundles - 	Entry: C:\Users\hbui3\.p2\pool\plugins\org.eclipse.m2e.maven.runtime_3.9.900.20250220-2013\jars\maven-builder-support-3.9.9.jar
2025-08-10 19:53:10,610 [Worker-48: Launching Executing clean in C__Users_hbui3_OneDrive_Desktop_Java-prj_Todo-cli_TodoList-cli] INFO  o.eclipse.m2e.core.internal.Bundles - 	Entry: C:\Users\hbui3\.p2\pool\plugins\org.eclipse.m2e.maven.runtime_3.9.900.20250220-2013\jars\maven-compat-3.9.9.jar
2025-08-10 19:53:10,610 [Worker-48: Launching Executing clean in C__Users_hbui3_OneDrive_Desktop_Java-prj_Todo-cli_TodoList-cli] INFO  o.eclipse.m2e.core.internal.Bundles - 	Entry: C:\Users\hbui3\.p2\pool\plugins\org.eclipse.m2e.maven.runtime_3.9.900.20250220-2013\jars\maven-core-3.9.9.jar
2025-08-10 19:53:10,610 [Worker-48: Launching Executing clean in C__Users_hbui3_OneDrive_Desktop_Java-prj_Todo-cli_TodoList-cli] INFO  o.eclipse.m2e.core.internal.Bundles - 	Entry: C:\Users\hbui3\.p2\pool\plugins\org.eclipse.m2e.maven.runtime_3.9.900.20250220-2013\jars\maven-embedder-3.9.9.jar
2025-08-10 19:53:10,610 [Worker-48: Launching Executing clean in C__Users_hbui3_OneDrive_Desktop_Java-prj_Todo-cli_TodoList-cli] INFO  o.eclipse.m2e.core.internal.Bundles - 	Entry: C:\Users\hbui3\.p2\pool\plugins\org.eclipse.m2e.maven.runtime_3.9.900.20250220-2013\jars\maven-model-3.9.9.jar
2025-08-10 19:53:10,611 [Worker-48: Launching Executing clean in C__Users_hbui3_OneDrive_Desktop_Java-prj_Todo-cli_TodoList-cli] INFO  o.eclipse.m2e.core.internal.Bundles - 	Entry: C:\Users\hbui3\.p2\pool\plugins\org.eclipse.m2e.maven.runtime_3.9.900.20250220-2013\jars\maven-model-builder-3.9.9.jar
2025-08-10 19:53:10,611 [Worker-48: Launching Executing clean in C__Users_hbui3_OneDrive_Desktop_Java-prj_Todo-cli_TodoList-cli] INFO  o.eclipse.m2e.core.internal.Bundles - 	Entry: C:\Users\hbui3\.p2\pool\plugins\org.eclipse.m2e.maven.runtime_3.9.900.20250220-2013\jars\maven-plugin-api-3.9.9.jar
2025-08-10 19:53:10,611 [Worker-48: Launching Executing clean in C__Users_hbui3_OneDrive_Desktop_Java-prj_Todo-cli_TodoList-cli] INFO  o.eclipse.m2e.core.internal.Bundles - 	Entry: C:\Users\hbui3\.p2\pool\plugins\org.eclipse.m2e.maven.runtime_3.9.900.20250220-2013\jars\maven-repository-metadata-3.9.9.jar
2025-08-10 19:53:10,611 [Worker-48: Launching Executing clean in C__Users_hbui3_OneDrive_Desktop_Java-prj_Todo-cli_TodoList-cli] INFO  o.eclipse.m2e.core.internal.Bundles - 	Entry: C:\Users\hbui3\.p2\pool\plugins\org.eclipse.m2e.maven.runtime_3.9.900.20250220-2013\jars\maven-resolver-api-1.9.22.jar
2025-08-10 19:53:10,611 [Worker-48: Launching Executing clean in C__Users_hbui3_OneDrive_Desktop_Java-prj_Todo-cli_TodoList-cli] INFO  o.eclipse.m2e.core.internal.Bundles - 	Entry: C:\Users\hbui3\.p2\pool\plugins\org.eclipse.m2e.maven.runtime_3.9.900.20250220-2013\jars\maven-resolver-connector-basic-1.9.22.jar
2025-08-10 19:53:10,611 [Worker-48: Launching Executing clean in C__Users_hbui3_OneDrive_Desktop_Java-prj_Todo-cli_TodoList-cli] INFO  o.eclipse.m2e.core.internal.Bundles - 	Entry: C:\Users\hbui3\.p2\pool\plugins\org.eclipse.m2e.maven.runtime_3.9.900.20250220-2013\jars\maven-resolver-impl-1.9.22.jar
2025-08-10 19:53:10,612 [Worker-48: Launching Executing clean in C__Users_hbui3_OneDrive_Desktop_Java-prj_Todo-cli_TodoList-cli] INFO  o.eclipse.m2e.core.internal.Bundles - 	Entry: C:\Users\hbui3\.p2\pool\plugins\org.eclipse.m2e.maven.runtime_3.9.900.20250220-2013\jars\maven-resolver-named-locks-1.9.22.jar
2025-08-10 19:53:10,612 [Worker-48: Launching Executing clean in C__Users_hbui3_OneDrive_Desktop_Java-prj_Todo-cli_TodoList-cli] INFO  o.eclipse.m2e.core.internal.Bundles - 	Entry: C:\Users\hbui3\.p2\pool\plugins\org.eclipse.m2e.maven.runtime_3.9.900.20250220-2013\jars\maven-resolver-provider-3.9.9.jar
2025-08-10 19:53:10,612 [Worker-48: Launching Executing clean in C__Users_hbui3_OneDrive_Desktop_Java-prj_Todo-cli_TodoList-cli] INFO  o.eclipse.m2e.core.internal.Bundles - 	Entry: C:\Users\hbui3\.p2\pool\plugins\org.eclipse.m2e.maven.runtime_3.9.900.20250220-2013\jars\maven-resolver-spi-1.9.22.jar
2025-08-10 19:53:10,612 [Worker-48: Launching Executing clean in C__Users_hbui3_OneDrive_Desktop_Java-prj_Todo-cli_TodoList-cli] INFO  o.eclipse.m2e.core.internal.Bundles - 	Entry: C:\Users\hbui3\.p2\pool\plugins\org.eclipse.m2e.maven.runtime_3.9.900.20250220-2013\jars\maven-resolver-transport-file-1.9.22.jar
2025-08-10 19:53:10,612 [Worker-48: Launching Executing clean in C__Users_hbui3_OneDrive_Desktop_Java-prj_Todo-cli_TodoList-cli] INFO  o.eclipse.m2e.core.internal.Bundles - 	Entry: C:\Users\hbui3\.p2\pool\plugins\org.eclipse.m2e.maven.runtime_3.9.900.20250220-2013\jars\maven-resolver-transport-http-1.9.22.jar
2025-08-10 19:53:10,612 [Worker-48: Launching Executing clean in C__Users_hbui3_OneDrive_Desktop_Java-prj_Todo-cli_TodoList-cli] INFO  o.eclipse.m2e.core.internal.Bundles - 	Entry: C:\Users\hbui3\.p2\pool\plugins\org.eclipse.m2e.maven.runtime_3.9.900.20250220-2013\jars\maven-resolver-transport-wagon-1.9.22.jar
2025-08-10 19:53:10,612 [Worker-48: Launching Executing clean in C__Users_hbui3_OneDrive_Desktop_Java-prj_Todo-cli_TodoList-cli] INFO  o.eclipse.m2e.core.internal.Bundles - 	Entry: C:\Users\hbui3\.p2\pool\plugins\org.eclipse.m2e.maven.runtime_3.9.900.20250220-2013\jars\maven-resolver-util-1.9.22.jar
2025-08-10 19:53:10,613 [Worker-48: Launching Executing clean in C__Users_hbui3_OneDrive_Desktop_Java-prj_Todo-cli_TodoList-cli] INFO  o.eclipse.m2e.core.internal.Bundles - 	Entry: C:\Users\hbui3\.p2\pool\plugins\org.eclipse.m2e.maven.runtime_3.9.900.20250220-2013\jars\maven-settings-3.9.9.jar
2025-08-10 19:53:10,613 [Worker-48: Launching Executing clean in C__Users_hbui3_OneDrive_Desktop_Java-prj_Todo-cli_TodoList-cli] INFO  o.eclipse.m2e.core.internal.Bundles - 	Entry: C:\Users\hbui3\.p2\pool\plugins\org.eclipse.m2e.maven.runtime_3.9.900.20250220-2013\jars\maven-settings-builder-3.9.9.jar
2025-08-10 19:53:10,613 [Worker-48: Launching Executing clean in C__Users_hbui3_OneDrive_Desktop_Java-prj_Todo-cli_TodoList-cli] INFO  o.eclipse.m2e.core.internal.Bundles - 	Entry: C:\Users\hbui3\.p2\pool\plugins\org.eclipse.m2e.maven.runtime_3.9.900.20250220-2013\jars\maven-shared-utils-3.4.2.jar
2025-08-10 19:53:10,613 [Worker-48: Launching Executing clean in C__Users_hbui3_OneDrive_Desktop_Java-prj_Todo-cli_TodoList-cli] INFO  o.eclipse.m2e.core.internal.Bundles - 	Entry: C:\Users\hbui3\.p2\pool\plugins\org.eclipse.m2e.maven.runtime_3.9.900.20250220-2013\jars\org.eclipse.sisu.inject-0.9.0.M3.jar
2025-08-10 19:53:10,613 [Worker-48: Launching Executing clean in C__Users_hbui3_OneDrive_Desktop_Java-prj_Todo-cli_TodoList-cli] INFO  o.eclipse.m2e.core.internal.Bundles - 	Entry: C:\Users\hbui3\.p2\pool\plugins\org.eclipse.m2e.maven.runtime_3.9.900.20250220-2013\jars\org.eclipse.sisu.plexus-0.9.0.M3.jar
2025-08-10 19:53:10,613 [Worker-48: Launching Executing clean in C__Users_hbui3_OneDrive_Desktop_Java-prj_Todo-cli_TodoList-cli] INFO  o.eclipse.m2e.core.internal.Bundles - 	Entry: C:\Users\hbui3\.p2\pool\plugins\org.eclipse.m2e.maven.runtime_3.9.900.20250220-2013\jars\plexus-build-api-0.0.7.jar
2025-08-10 19:53:10,613 [Worker-48: Launching Executing clean in C__Users_hbui3_OneDrive_Desktop_Java-prj_Todo-cli_TodoList-cli] INFO  o.eclipse.m2e.core.internal.Bundles - 	Entry: C:\Users\hbui3\.p2\pool\plugins\org.eclipse.m2e.maven.runtime_3.9.900.20250220-2013\jars\plexus-build-api-1.2.0.jar
2025-08-10 19:53:10,614 [Worker-48: Launching Executing clean in C__Users_hbui3_OneDrive_Desktop_Java-prj_Todo-cli_TodoList-cli] INFO  o.eclipse.m2e.core.internal.Bundles - 	Entry: C:\Users\hbui3\.p2\pool\plugins\org.eclipse.m2e.maven.runtime_3.9.900.20250220-2013\jars\plexus-cipher-2.0.jar
2025-08-10 19:53:10,614 [Worker-48: Launching Executing clean in C__Users_hbui3_OneDrive_Desktop_Java-prj_Todo-cli_TodoList-cli] INFO  o.eclipse.m2e.core.internal.Bundles - 	Entry: C:\Users\hbui3\.p2\pool\plugins\org.eclipse.m2e.maven.runtime_3.9.900.20250220-2013\jars\plexus-classworlds-2.8.0.jar
2025-08-10 19:53:10,614 [Worker-48: Launching Executing clean in C__Users_hbui3_OneDrive_Desktop_Java-prj_Todo-cli_TodoList-cli] INFO  o.eclipse.m2e.core.internal.Bundles - 	Entry: C:\Users\hbui3\.p2\pool\plugins\org.eclipse.m2e.maven.runtime_3.9.900.20250220-2013\jars\plexus-component-annotations-2.1.0.jar
2025-08-10 19:53:10,614 [Worker-48: Launching Executing clean in C__Users_hbui3_OneDrive_Desktop_Java-prj_Todo-cli_TodoList-cli] INFO  o.eclipse.m2e.core.internal.Bundles - 	Entry: C:\Users\hbui3\.p2\pool\plugins\org.eclipse.m2e.maven.runtime_3.9.900.20250220-2013\jars\plexus-interpolation-1.27.jar
2025-08-10 19:53:10,614 [Worker-48: Launching Executing clean in C__Users_hbui3_OneDrive_Desktop_Java-prj_Todo-cli_TodoList-cli] INFO  o.eclipse.m2e.core.internal.Bundles - 	Entry: C:\Users\hbui3\.p2\pool\plugins\org.eclipse.m2e.maven.runtime_3.9.900.20250220-2013\jars\plexus-sec-dispatcher-2.0.jar
2025-08-10 19:53:10,614 [Worker-48: Launching Executing clean in C__Users_hbui3_OneDrive_Desktop_Java-prj_Todo-cli_TodoList-cli] INFO  o.eclipse.m2e.core.internal.Bundles - 	Entry: C:\Users\hbui3\.p2\pool\plugins\org.eclipse.m2e.maven.runtime_3.9.900.20250220-2013\jars\plexus-utils-3.5.1.jar
2025-08-10 19:53:10,614 [Worker-48: Launching Executing clean in C__Users_hbui3_OneDrive_Desktop_Java-prj_Todo-cli_TodoList-cli] INFO  o.eclipse.m2e.core.internal.Bundles - 	Entry: C:\Users\hbui3\.p2\pool\plugins\org.eclipse.m2e.maven.runtime_3.9.900.20250220-2013\jars\plexus-xml-3.0.1.jar
2025-08-10 19:53:10,615 [Worker-48: Launching Executing clean in C__Users_hbui3_OneDrive_Desktop_Java-prj_Todo-cli_TodoList-cli] INFO  o.eclipse.m2e.core.internal.Bundles - 	Entry: C:\Users\hbui3\.p2\pool\plugins\org.eclipse.m2e.maven.runtime_3.9.900.20250220-2013\jars\wagon-file-3.5.3.jar
2025-08-10 19:53:10,615 [Worker-48: Launching Executing clean in C__Users_hbui3_OneDrive_Desktop_Java-prj_Todo-cli_TodoList-cli] INFO  o.eclipse.m2e.core.internal.Bundles - 	Entry: C:\Users\hbui3\.p2\pool\plugins\org.eclipse.m2e.maven.runtime_3.9.900.20250220-2013\jars\wagon-http-3.5.3.jar
2025-08-10 19:53:10,615 [Worker-48: Launching Executing clean in C__Users_hbui3_OneDrive_Desktop_Java-prj_Todo-cli_TodoList-cli] INFO  o.eclipse.m2e.core.internal.Bundles - 	Entry: C:\Users\hbui3\.p2\pool\plugins\org.eclipse.m2e.maven.runtime_3.9.900.20250220-2013\jars\wagon-http-shared-3.5.3.jar
2025-08-10 19:53:10,615 [Worker-48: Launching Executing clean in C__Users_hbui3_OneDrive_Desktop_Java-prj_Todo-cli_TodoList-cli] INFO  o.eclipse.m2e.core.internal.Bundles - 	Entry: C:\Users\hbui3\.p2\pool\plugins\org.eclipse.m2e.maven.runtime_3.9.900.20250220-2013\jars\wagon-provider-api-3.5.3.jar
2025-08-10 19:53:10,616 [Worker-48: Launching Executing clean in C__Users_hbui3_OneDrive_Desktop_Java-prj_Todo-cli_TodoList-cli] INFO  o.eclipse.m2e.core.internal.Bundles - getClasspathEntries(Bundle=com.google.guava_33.4.8.jre [13])
2025-08-10 19:53:10,616 [Worker-48: Launching Executing clean in C__Users_hbui3_OneDrive_Desktop_Java-prj_Todo-cli_TodoList-cli] INFO  o.eclipse.m2e.core.internal.Bundles - 	Entry: C:\Users\hbui3\.p2\pool\plugins\com.google.guava_33.4.8.jre.jar
2025-08-10 19:53:10,616 [Worker-48: Launching Executing clean in C__Users_hbui3_OneDrive_Desktop_Java-prj_Todo-cli_TodoList-cli] INFO  o.eclipse.m2e.core.internal.Bundles - getClasspathEntries(Bundle=slf4j.api_2.0.17 [522])
2025-08-10 19:53:10,617 [Worker-48: Launching Executing clean in C__Users_hbui3_OneDrive_Desktop_Java-prj_Todo-cli_TodoList-cli] INFO  o.eclipse.m2e.core.internal.Bundles - 	Entry: C:\Users\hbui3\.p2\pool\plugins\slf4j.api_2.0.17.jar
2025-08-10 19:53:10,617 [Worker-48: Launching Executing clean in C__Users_hbui3_OneDrive_Desktop_Java-prj_Todo-cli_TodoList-cli] INFO  o.eclipse.m2e.core.internal.Bundles - getClasspathEntries(Bundle=jakarta.inject.jakarta.inject-api_1.0.5 [24])
2025-08-10 19:53:10,617 [Worker-48: Launching Executing clean in C__Users_hbui3_OneDrive_Desktop_Java-prj_Todo-cli_TodoList-cli] INFO  o.eclipse.m2e.core.internal.Bundles - 	Entry: C:\Users\hbui3\.p2\pool\plugins\jakarta.inject.jakarta.inject-api_1.0.5.jar
2025-08-10 19:53:10,617 [Worker-48: Launching Executing clean in C__Users_hbui3_OneDrive_Desktop_Java-prj_Todo-cli_TodoList-cli] INFO  o.eclipse.m2e.core.internal.Bundles - getClasspathEntries(Bundle=javax.annotation_1.3.5.v20200909-1856 [27])
2025-08-10 19:53:10,617 [Worker-48: Launching Executing clean in C__Users_hbui3_OneDrive_Desktop_Java-prj_Todo-cli_TodoList-cli] INFO  o.eclipse.m2e.core.internal.Bundles - 	Entry: C:\Users\hbui3\.p2\pool\plugins\javax.annotation_1.3.5.v20200909-1856.jar
2025-08-10 19:53:10,617 [Worker-48: Launching Executing clean in C__Users_hbui3_OneDrive_Desktop_Java-prj_Todo-cli_TodoList-cli] INFO  o.eclipse.m2e.core.internal.Bundles - getClasspathEntries(Bundle=org.apache.commons.cli_1.9.0 [49])
2025-08-10 19:53:10,618 [Worker-48: Launching Executing clean in C__Users_hbui3_OneDrive_Desktop_Java-prj_Todo-cli_TodoList-cli] INFO  o.eclipse.m2e.core.internal.Bundles - 	Entry: C:\Users\hbui3\.p2\pool\plugins\org.apache.commons.cli_1.9.0.jar
2025-08-10 19:53:10,618 [Worker-48: Launching Executing clean in C__Users_hbui3_OneDrive_Desktop_Java-prj_Todo-cli_TodoList-cli] INFO  o.eclipse.m2e.core.internal.Bundles - getClasspathEntries(Bundle=org.apache.commons.commons-codec_1.19.0 [553])
2025-08-10 19:53:10,618 [Worker-48: Launching Executing clean in C__Users_hbui3_OneDrive_Desktop_Java-prj_Todo-cli_TodoList-cli] INFO  o.eclipse.m2e.core.internal.Bundles - 	Entry: C:\Users\hbui3\.p2\pool\plugins\org.apache.commons.commons-codec_1.19.0.jar
2025-08-10 19:53:10,618 [Worker-48: Launching Executing clean in C__Users_hbui3_OneDrive_Desktop_Java-prj_Todo-cli_TodoList-cli] INFO  o.eclipse.m2e.core.internal.Bundles - getClasspathEntries(Bundle=com.google.guava.failureaccess_1.0.3 [14])
2025-08-10 19:53:10,618 [Worker-48: Launching Executing clean in C__Users_hbui3_OneDrive_Desktop_Java-prj_Todo-cli_TodoList-cli] INFO  o.eclipse.m2e.core.internal.Bundles - 	Entry: C:\Users\hbui3\.p2\pool\plugins\com.google.guava.failureaccess_1.0.3.jar
2025-08-10 19:53:10,623 [Worker-48: Launching Executing clean in C__Users_hbui3_OneDrive_Desktop_Java-prj_Todo-cli_TodoList-cli] INFO  o.e.m.i.launch.MavenLaunchDelegate - Run build in "C:\Users\hbui3\OneDrive\Desktop\Java-prj\Todo-cli\TodoList-cli":
2025-08-10 19:53:10,626 [Worker-48: Launching Executing clean in C__Users_hbui3_OneDrive_Desktop_Java-prj_Todo-cli_TodoList-cli] INFO  o.e.m.i.launch.MavenLaunchDelegate -  mvn  -B -Dstyle.color=always clean
2025-08-10 19:53:13,660 [Worker-43: Building] WARN  o.a.m.s.f.DefaultMavenResourcesFiltering - Using platform encoding (UTF-8 actually) to copy filtered resources, i.e. build is platform dependent!
2025-08-10 19:53:13,661 [Worker-43: Building] INFO  o.a.m.s.f.DefaultMavenResourcesFiltering - Copying 4 resources from src to target\classes
2025-08-10 19:53:13,677 [Worker-43: Building] WARN  o.a.m.s.f.DefaultMavenResourcesFiltering - Using platform encoding (UTF-8 actually) to copy filtered resources, i.e. build is platform dependent!
2025-08-10 19:53:13,678 [Worker-43: Building] INFO  o.a.m.s.f.DefaultMavenResourcesFiltering - skip non existing resourceDirectory C:\Users\hbui3\OneDrive\Desktop\Java-prj\Todo-cli\TodoList-cli\src\test\resources
2025-08-10 19:59:23,856 [Worker-48: Building] INFO  o.e.m.c.i.l.LifecycleMappingFactory - Using org.eclipse.m2e.jdt.JarLifecycleMapping lifecycle mapping for MavenProject: com.Cornelius:TodoList-cli:1.0.0 @ C:\Users\hbui3\OneDrive\Desktop\Java-prj\Todo-cli\TodoList-cli\pom.xml.
2025-08-10 19:59:24,717 [Worker-48: Building] WARN  o.a.m.s.f.DefaultMavenResourcesFiltering - Using platform encoding (UTF-8 actually) to copy filtered resources, i.e. build is platform dependent!
2025-08-10 19:59:24,722 [Worker-48: Building] INFO  o.a.m.s.f.DefaultMavenResourcesFiltering - Copying 4 resources from src to target\classes
2025-08-10 19:59:24,730 [Worker-48: Building] WARN  o.a.m.s.f.DefaultMavenResourcesFiltering - Using platform encoding (UTF-8 actually) to copy filtered resources, i.e. build is platform dependent!
2025-08-10 19:59:24,731 [Worker-48: Building] INFO  o.a.m.s.f.DefaultMavenResourcesFiltering - skip non existing resourceDirectory C:\Users\hbui3\OneDrive\Desktop\Java-prj\Todo-cli\TodoList-cli\src\test\resources
2025-08-10 20:02:30,670 [Worker-7: Loading available Gradle versions] INFO  o.e.b.c.i.u.g.PublishedGradleVersions - Gradle version information cache is out-of-date. Trying to update.
2025-08-10 20:02:34,560 [Worker-4: Building] WARN  o.a.m.s.f.DefaultMavenResourcesFiltering - Using platform encoding (UTF-8 actually) to copy filtered resources, i.e. build is platform dependent!
2025-08-10 20:02:34,566 [Worker-4: Building] INFO  o.a.m.s.f.DefaultMavenResourcesFiltering - Copying 4 resources from src to target\classes
2025-08-10 20:02:34,582 [Worker-4: Building] WARN  o.a.m.s.f.DefaultMavenResourcesFiltering - Using platform encoding (UTF-8 actually) to copy filtered resources, i.e. build is platform dependent!
2025-08-10 20:02:34,583 [Worker-4: Building] INFO  o.a.m.s.f.DefaultMavenResourcesFiltering - skip non existing resourceDirectory C:\Users\hbui3\OneDrive\Desktop\Java-prj\Todo-cli\TodoList-cli\src\test\resources
2025-08-10 20:07:13,599 [Worker-18: Launching Main] WARN  o.a.m.s.f.DefaultMavenResourcesFiltering - Using platform encoding (UTF-8 actually) to copy filtered resources, i.e. build is platform dependent!
2025-08-10 20:07:13,603 [Worker-18: Launching Main] INFO  o.a.m.s.f.DefaultMavenResourcesFiltering - Copying 4 resources from src to target\classes
2025-08-10 20:07:13,610 [Worker-18: Launching Main] WARN  o.a.m.s.f.DefaultMavenResourcesFiltering - Using platform encoding (UTF-8 actually) to copy filtered resources, i.e. build is platform dependent!
2025-08-10 20:07:13,611 [Worker-18: Launching Main] INFO  o.a.m.s.f.DefaultMavenResourcesFiltering - skip non existing resourceDirectory C:\Users\hbui3\OneDrive\Desktop\Java-prj\Todo-cli\TodoList-cli\src\test\resources
2025-08-10 20:09:31,048 [Worker-41: Building] WARN  o.a.m.s.f.DefaultMavenResourcesFiltering - Using platform encoding (UTF-8 actually) to copy filtered resources, i.e. build is platform dependent!
2025-08-10 20:09:31,051 [Worker-41: Building] INFO  o.a.m.s.f.DefaultMavenResourcesFiltering - Copying 4 resources from src to target\classes
2025-08-10 20:09:31,055 [Worker-41: Building] WARN  o.a.m.s.f.DefaultMavenResourcesFiltering - Using platform encoding (UTF-8 actually) to copy filtered resources, i.e. build is platform dependent!
2025-08-10 20:09:31,056 [Worker-41: Building] INFO  o.a.m.s.f.DefaultMavenResourcesFiltering - skip non existing resourceDirectory C:\Users\hbui3\OneDrive\Desktop\Java-prj\Todo-cli\TodoList-cli\src\test\resources
2025-08-10 22:21:48,971 [Worker-7: Loading available Gradle versions] INFO  o.e.b.c.i.u.g.PublishedGradleVersions - Gradle version information cache is up-to-date. Trying to read.
2025-08-10 22:36:10,038 [Worker-40: Building] WARN  o.a.m.s.f.DefaultMavenResourcesFiltering - Using platform encoding (UTF-8 actually) to copy filtered resources, i.e. build is platform dependent!
2025-08-10 22:36:10,043 [Worker-40: Building] INFO  o.a.m.s.f.DefaultMavenResourcesFiltering - Copying 4 resources from src to target\classes
2025-08-10 22:36:10,052 [Worker-40: Building] WARN  o.a.m.s.f.DefaultMavenResourcesFiltering - Using platform encoding (UTF-8 actually) to copy filtered resources, i.e. build is platform dependent!
2025-08-10 22:36:10,053 [Worker-40: Building] INFO  o.a.m.s.f.DefaultMavenResourcesFiltering - skip non existing resourceDirectory C:\Users\hbui3\OneDrive\Desktop\Java-prj\Todo-cli\TodoList-cli\src\test\resources
2025-08-10 22:36:21,908 [Worker-41: Building] WARN  o.a.m.s.f.DefaultMavenResourcesFiltering - Using platform encoding (UTF-8 actually) to copy filtered resources, i.e. build is platform dependent!
2025-08-10 22:36:21,912 [Worker-41: Building] INFO  o.a.m.s.f.DefaultMavenResourcesFiltering - Copying 4 resources from src to target\classes
2025-08-10 22:36:21,918 [Worker-41: Building] WARN  o.a.m.s.f.DefaultMavenResourcesFiltering - Using platform encoding (UTF-8 actually) to copy filtered resources, i.e. build is platform dependent!
2025-08-10 22:36:21,919 [Worker-41: Building] INFO  o.a.m.s.f.DefaultMavenResourcesFiltering - skip non existing resourceDirectory C:\Users\hbui3\OneDrive\Desktop\Java-prj\Todo-cli\TodoList-cli\src\test\resources
2025-08-11 11:01:31,806 [Worker-74: Building] WARN  o.a.m.s.f.DefaultMavenResourcesFiltering - Using platform encoding (UTF-8 actually) to copy filtered resources, i.e. build is platform dependent!
2025-08-11 11:01:31,815 [Worker-74: Building] INFO  o.a.m.s.f.DefaultMavenResourcesFiltering - Copying 4 resources from src to target\classes
2025-08-11 11:01:31,823 [Worker-74: Building] WARN  o.a.m.s.f.DefaultMavenResourcesFiltering - Using platform encoding (UTF-8 actually) to copy filtered resources, i.e. build is platform dependent!
2025-08-11 11:01:31,826 [Worker-74: Building] INFO  o.a.m.s.f.DefaultMavenResourcesFiltering - skip non existing resourceDirectory C:\Users\hbui3\OneDrive\Desktop\Java-prj\Todo-cli\TodoList-cli\src\test\resources
2025-08-11 18:14:39,923 [Worker-16: Building] WARN  o.a.m.s.f.DefaultMavenResourcesFiltering - Using platform encoding (UTF-8 actually) to copy filtered resources, i.e. build is platform dependent!
2025-08-11 18:14:39,929 [Worker-16: Building] INFO  o.a.m.s.f.DefaultMavenResourcesFiltering - Copying 4 resources from src to target\classes
2025-08-11 18:14:39,938 [Worker-16: Building] WARN  o.a.m.s.f.DefaultMavenResourcesFiltering - Using platform encoding (UTF-8 actually) to copy filtered resources, i.e. build is platform dependent!
2025-08-11 18:14:39,938 [Worker-16: Building] INFO  o.a.m.s.f.DefaultMavenResourcesFiltering - skip non existing resourceDirectory C:\Users\hbui3\OneDrive\Desktop\Java-prj\Todo-cli\TodoList-cli\src\test\resources
2025-08-11 18:14:41,923 [Worker-16: Loading available Gradle versions] INFO  o.e.b.c.i.u.g.PublishedGradleVersions - Gradle version information cache is up-to-date. Trying to read.
2025-08-11 18:25:12,911 [Worker-23: Building] WARN  o.a.m.s.f.DefaultMavenResourcesFiltering - Using platform encoding (UTF-8 actually) to copy filtered resources, i.e. build is platform dependent!
2025-08-11 18:25:12,915 [Worker-23: Building] INFO  o.a.m.s.f.DefaultMavenResourcesFiltering - Copying 4 resources from src to target\classes
2025-08-11 18:25:12,920 [Worker-23: Building] WARN  o.a.m.s.f.DefaultMavenResourcesFiltering - Using platform encoding (UTF-8 actually) to copy filtered resources, i.e. build is platform dependent!
2025-08-11 18:25:12,920 [Worker-23: Building] INFO  o.a.m.s.f.DefaultMavenResourcesFiltering - skip non existing resourceDirectory C:\Users\hbui3\OneDrive\Desktop\Java-prj\Todo-cli\TodoList-cli\src\test\resources
2025-08-11 18:28:52,103 [Worker-6: Building] WARN  o.a.m.s.f.DefaultMavenResourcesFiltering - Using platform encoding (UTF-8 actually) to copy filtered resources, i.e. build is platform dependent!
2025-08-11 18:28:52,106 [Worker-6: Building] INFO  o.a.m.s.f.DefaultMavenResourcesFiltering - Copying 4 resources from src to target\classes
2025-08-11 18:28:52,110 [Worker-6: Building] WARN  o.a.m.s.f.DefaultMavenResourcesFiltering - Using platform encoding (UTF-8 actually) to copy filtered resources, i.e. build is platform dependent!
2025-08-11 18:28:52,111 [Worker-6: Building] INFO  o.a.m.s.f.DefaultMavenResourcesFiltering - skip non existing resourceDirectory C:\Users\hbui3\OneDrive\Desktop\Java-prj\Todo-cli\TodoList-cli\src\test\resources
2025-08-11 18:30:50,250 [Worker-6: Building] WARN  o.a.m.s.f.DefaultMavenResourcesFiltering - Using platform encoding (UTF-8 actually) to copy filtered resources, i.e. build is platform dependent!
2025-08-11 18:30:50,252 [Worker-6: Building] INFO  o.a.m.s.f.DefaultMavenResourcesFiltering - Copying 4 resources from src to target\classes
2025-08-11 18:30:50,257 [Worker-6: Building] WARN  o.a.m.s.f.DefaultMavenResourcesFiltering - Using platform encoding (UTF-8 actually) to copy filtered resources, i.e. build is platform dependent!
2025-08-11 18:30:50,258 [Worker-6: Building] INFO  o.a.m.s.f.DefaultMavenResourcesFiltering - skip non existing resourceDirectory C:\Users\hbui3\OneDrive\Desktop\Java-prj\Todo-cli\TodoList-cli\src\test\resources
2025-08-11 18:32:09,870 [Worker-6: Building] WARN  o.a.m.s.f.DefaultMavenResourcesFiltering - Using platform encoding (UTF-8 actually) to copy filtered resources, i.e. build is platform dependent!
2025-08-11 18:32:09,873 [Worker-6: Building] INFO  o.a.m.s.f.DefaultMavenResourcesFiltering - Copying 4 resources from src to target\classes
2025-08-11 18:32:09,877 [Worker-6: Building] WARN  o.a.m.s.f.DefaultMavenResourcesFiltering - Using platform encoding (UTF-8 actually) to copy filtered resources, i.e. build is platform dependent!
2025-08-11 18:32:09,877 [Worker-6: Building] INFO  o.a.m.s.f.DefaultMavenResourcesFiltering - skip non existing resourceDirectory C:\Users\hbui3\OneDrive\Desktop\Java-prj\Todo-cli\TodoList-cli\src\test\resources
2025-08-11 18:33:04,406 [Worker-39: Building] WARN  o.a.m.s.f.DefaultMavenResourcesFiltering - Using platform encoding (UTF-8 actually) to copy filtered resources, i.e. build is platform dependent!
2025-08-11 18:33:04,408 [Worker-39: Building] INFO  o.a.m.s.f.DefaultMavenResourcesFiltering - Copying 4 resources from src to target\classes
2025-08-11 18:33:04,413 [Worker-39: Building] WARN  o.a.m.s.f.DefaultMavenResourcesFiltering - Using platform encoding (UTF-8 actually) to copy filtered resources, i.e. build is platform dependent!
2025-08-11 18:33:04,415 [Worker-39: Building] INFO  o.a.m.s.f.DefaultMavenResourcesFiltering - skip non existing resourceDirectory C:\Users\hbui3\OneDrive\Desktop\Java-prj\Todo-cli\TodoList-cli\src\test\resources
2025-08-11 18:45:28,675 [Worker-42: Building] WARN  o.a.m.s.f.DefaultMavenResourcesFiltering - Using platform encoding (UTF-8 actually) to copy filtered resources, i.e. build is platform dependent!
2025-08-11 18:45:28,678 [Worker-42: Building] INFO  o.a.m.s.f.DefaultMavenResourcesFiltering - Copying 4 resources from src to target\classes
2025-08-11 18:45:28,684 [Worker-42: Building] WARN  o.a.m.s.f.DefaultMavenResourcesFiltering - Using platform encoding (UTF-8 actually) to copy filtered resources, i.e. build is platform dependent!
2025-08-11 18:45:28,686 [Worker-42: Building] INFO  o.a.m.s.f.DefaultMavenResourcesFiltering - skip non existing resourceDirectory C:\Users\hbui3\OneDrive\Desktop\Java-prj\Todo-cli\TodoList-cli\src\test\resources
2025-08-11 18:52:37,725 [Worker-47: Building] WARN  o.a.m.s.f.DefaultMavenResourcesFiltering - Using platform encoding (UTF-8 actually) to copy filtered resources, i.e. build is platform dependent!
2025-08-11 18:52:37,728 [Worker-47: Building] INFO  o.a.m.s.f.DefaultMavenResourcesFiltering - Copying 4 resources from src to target\classes
2025-08-11 18:52:37,733 [Worker-47: Building] WARN  o.a.m.s.f.DefaultMavenResourcesFiltering - Using platform encoding (UTF-8 actually) to copy filtered resources, i.e. build is platform dependent!
2025-08-11 18:52:37,734 [Worker-47: Building] INFO  o.a.m.s.f.DefaultMavenResourcesFiltering - skip non existing resourceDirectory C:\Users\hbui3\OneDrive\Desktop\Java-prj\Todo-cli\TodoList-cli\src\test\resources
2025-08-11 18:57:07,201 [Worker-47: Building] WARN  o.a.m.s.f.DefaultMavenResourcesFiltering - Using platform encoding (UTF-8 actually) to copy filtered resources, i.e. build is platform dependent!
2025-08-11 18:57:07,204 [Worker-47: Building] INFO  o.a.m.s.f.DefaultMavenResourcesFiltering - Copying 4 resources from src to target\classes
2025-08-11 18:57:07,209 [Worker-47: Building] WARN  o.a.m.s.f.DefaultMavenResourcesFiltering - Using platform encoding (UTF-8 actually) to copy filtered resources, i.e. build is platform dependent!
2025-08-11 18:57:07,210 [Worker-47: Building] INFO  o.a.m.s.f.DefaultMavenResourcesFiltering - skip non existing resourceDirectory C:\Users\hbui3\OneDrive\Desktop\Java-prj\Todo-cli\TodoList-cli\src\test\resources
2025-08-11 18:58:11,720 [Worker-49: Building] WARN  o.a.m.s.f.DefaultMavenResourcesFiltering - Using platform encoding (UTF-8 actually) to copy filtered resources, i.e. build is platform dependent!
2025-08-11 18:58:11,724 [Worker-49: Building] INFO  o.a.m.s.f.DefaultMavenResourcesFiltering - Copying 4 resources from src to target\classes
2025-08-11 18:58:11,728 [Worker-49: Building] WARN  o.a.m.s.f.DefaultMavenResourcesFiltering - Using platform encoding (UTF-8 actually) to copy filtered resources, i.e. build is platform dependent!
2025-08-11 18:58:11,728 [Worker-49: Building] INFO  o.a.m.s.f.DefaultMavenResourcesFiltering - skip non existing resourceDirectory C:\Users\hbui3\OneDrive\Desktop\Java-prj\Todo-cli\TodoList-cli\src\test\resources
2025-08-11 19:01:19,633 [Worker-44: Building] WARN  o.a.m.s.f.DefaultMavenResourcesFiltering - Using platform encoding (UTF-8 actually) to copy filtered resources, i.e. build is platform dependent!
2025-08-11 19:01:19,636 [Worker-44: Building] INFO  o.a.m.s.f.DefaultMavenResourcesFiltering - Copying 1 resource from src to target\classes
2025-08-11 19:01:19,641 [Worker-44: Building] WARN  o.a.m.s.f.DefaultMavenResourcesFiltering - Using platform encoding (UTF-8 actually) to copy filtered resources, i.e. build is platform dependent!
2025-08-11 19:01:19,642 [Worker-44: Building] INFO  o.a.m.s.f.DefaultMavenResourcesFiltering - skip non existing resourceDirectory C:\Users\hbui3\OneDrive\Desktop\Java-prj\Todo-cli\TodoList-cli\src\test\resources
2025-08-11 19:07:50,628 [Worker-51: Building] WARN  o.a.m.s.f.DefaultMavenResourcesFiltering - Using platform encoding (UTF-8 actually) to copy filtered resources, i.e. build is platform dependent!
2025-08-11 19:07:50,631 [Worker-51: Building] INFO  o.a.m.s.f.DefaultMavenResourcesFiltering - Copying 4 resources from src to target\classes
2025-08-11 19:07:50,636 [Worker-51: Building] WARN  o.a.m.s.f.DefaultMavenResourcesFiltering - Using platform encoding (UTF-8 actually) to copy filtered resources, i.e. build is platform dependent!
2025-08-11 19:07:50,637 [Worker-51: Building] INFO  o.a.m.s.f.DefaultMavenResourcesFiltering - skip non existing resourceDirectory C:\Users\hbui3\OneDrive\Desktop\Java-prj\Todo-cli\TodoList-cli\src\test\resources
2025-08-11 19:12:13,199 [Worker-54: Launching Main] WARN  o.a.m.s.f.DefaultMavenResourcesFiltering - Using platform encoding (UTF-8 actually) to copy filtered resources, i.e. build is platform dependent!
2025-08-11 19:12:13,203 [Worker-54: Launching Main] INFO  o.a.m.s.f.DefaultMavenResourcesFiltering - Copying 4 resources from src to target\classes
2025-08-11 19:12:13,208 [Worker-54: Launching Main] WARN  o.a.m.s.f.DefaultMavenResourcesFiltering - Using platform encoding (UTF-8 actually) to copy filtered resources, i.e. build is platform dependent!
2025-08-11 19:12:13,210 [Worker-54: Launching Main] INFO  o.a.m.s.f.DefaultMavenResourcesFiltering - skip non existing resourceDirectory C:\Users\hbui3\OneDrive\Desktop\Java-prj\Todo-cli\TodoList-cli\src\test\resources
2025-08-11 19:20:24,935 [Worker-57: Launching Main] WARN  o.a.m.s.f.DefaultMavenResourcesFiltering - Using platform encoding (UTF-8 actually) to copy filtered resources, i.e. build is platform dependent!
2025-08-11 19:20:24,939 [Worker-57: Launching Main] INFO  o.a.m.s.f.DefaultMavenResourcesFiltering - Copying 4 resources from src to target\classes
2025-08-11 19:20:24,943 [Worker-57: Launching Main] WARN  o.a.m.s.f.DefaultMavenResourcesFiltering - Using platform encoding (UTF-8 actually) to copy filtered resources, i.e. build is platform dependent!
2025-08-11 19:20:24,944 [Worker-57: Launching Main] INFO  o.a.m.s.f.DefaultMavenResourcesFiltering - skip non existing resourceDirectory C:\Users\hbui3\OneDrive\Desktop\Java-prj\Todo-cli\TodoList-cli\src\test\resources
2025-08-11 19:23:10,097 [Worker-56: Building] WARN  o.a.m.s.f.DefaultMavenResourcesFiltering - Using platform encoding (UTF-8 actually) to copy filtered resources, i.e. build is platform dependent!
2025-08-11 19:23:10,100 [Worker-56: Building] INFO  o.a.m.s.f.DefaultMavenResourcesFiltering - Copying 4 resources from src to target\classes
2025-08-11 19:23:10,103 [Worker-56: Building] WARN  o.a.m.s.f.DefaultMavenResourcesFiltering - Using platform encoding (UTF-8 actually) to copy filtered resources, i.e. build is platform dependent!
2025-08-11 19:23:10,104 [Worker-56: Building] INFO  o.a.m.s.f.DefaultMavenResourcesFiltering - skip non existing resourceDirectory C:\Users\hbui3\OneDrive\Desktop\Java-prj\Todo-cli\TodoList-cli\src\test\resources
2025-08-11 19:25:55,281 [Worker-57: Launching Main] WARN  o.a.m.s.f.DefaultMavenResourcesFiltering - Using platform encoding (UTF-8 actually) to copy filtered resources, i.e. build is platform dependent!
2025-08-11 19:25:55,283 [Worker-57: Launching Main] INFO  o.a.m.s.f.DefaultMavenResourcesFiltering - Copying 4 resources from src to target\classes
2025-08-11 19:25:55,287 [Worker-57: Launching Main] WARN  o.a.m.s.f.DefaultMavenResourcesFiltering - Using platform encoding (UTF-8 actually) to copy filtered resources, i.e. build is platform dependent!
2025-08-11 19:25:55,289 [Worker-57: Launching Main] INFO  o.a.m.s.f.DefaultMavenResourcesFiltering - skip non existing resourceDirectory C:\Users\hbui3\OneDrive\Desktop\Java-prj\Todo-cli\TodoList-cli\src\test\resources
2025-08-11 19:27:58,307 [Worker-56: Launching Main] WARN  o.a.m.s.f.DefaultMavenResourcesFiltering - Using platform encoding (UTF-8 actually) to copy filtered resources, i.e. build is platform dependent!
2025-08-11 19:27:58,311 [Worker-56: Launching Main] INFO  o.a.m.s.f.DefaultMavenResourcesFiltering - Copying 4 resources from src to target\classes
2025-08-11 19:27:58,315 [Worker-56: Launching Main] WARN  o.a.m.s.f.DefaultMavenResourcesFiltering - Using platform encoding (UTF-8 actually) to copy filtered resources, i.e. build is platform dependent!
2025-08-11 19:27:58,316 [Worker-56: Launching Main] INFO  o.a.m.s.f.DefaultMavenResourcesFiltering - skip non existing resourceDirectory C:\Users\hbui3\OneDrive\Desktop\Java-prj\Todo-cli\TodoList-cli\src\test\resources
2025-08-11 19:30:10,572 [Worker-54: Launching Main] WARN  o.a.m.s.f.DefaultMavenResourcesFiltering - Using platform encoding (UTF-8 actually) to copy filtered resources, i.e. build is platform dependent!
2025-08-11 19:30:10,576 [Worker-54: Launching Main] INFO  o.a.m.s.f.DefaultMavenResourcesFiltering - Copying 4 resources from src to target\classes
2025-08-11 19:30:10,580 [Worker-54: Launching Main] WARN  o.a.m.s.f.DefaultMavenResourcesFiltering - Using platform encoding (UTF-8 actually) to copy filtered resources, i.e. build is platform dependent!
2025-08-11 19:30:10,581 [Worker-54: Launching Main] INFO  o.a.m.s.f.DefaultMavenResourcesFiltering - skip non existing resourceDirectory C:\Users\hbui3\OneDrive\Desktop\Java-prj\Todo-cli\TodoList-cli\src\test\resources
2025-08-11 19:32:01,312 [Worker-56: Launching Main] WARN  o.a.m.s.f.DefaultMavenResourcesFiltering - Using platform encoding (UTF-8 actually) to copy filtered resources, i.e. build is platform dependent!
2025-08-11 19:32:01,315 [Worker-56: Launching Main] INFO  o.a.m.s.f.DefaultMavenResourcesFiltering - Copying 4 resources from src to target\classes
2025-08-11 19:32:01,319 [Worker-56: Launching Main] WARN  o.a.m.s.f.DefaultMavenResourcesFiltering - Using platform encoding (UTF-8 actually) to copy filtered resources, i.e. build is platform dependent!
2025-08-11 19:32:01,320 [Worker-56: Launching Main] INFO  o.a.m.s.f.DefaultMavenResourcesFiltering - skip non existing resourceDirectory C:\Users\hbui3\OneDrive\Desktop\Java-prj\Todo-cli\TodoList-cli\src\test\resources
2025-08-11 19:45:43,005 [Worker-57: Launching Main] WARN  o.a.m.s.f.DefaultMavenResourcesFiltering - Using platform encoding (UTF-8 actually) to copy filtered resources, i.e. build is platform dependent!
2025-08-11 19:45:43,008 [Worker-57: Launching Main] INFO  o.a.m.s.f.DefaultMavenResourcesFiltering - Copying 4 resources from src to target\classes
2025-08-11 19:45:43,013 [Worker-57: Launching Main] WARN  o.a.m.s.f.DefaultMavenResourcesFiltering - Using platform encoding (UTF-8 actually) to copy filtered resources, i.e. build is platform dependent!
2025-08-11 19:45:43,014 [Worker-57: Launching Main] INFO  o.a.m.s.f.DefaultMavenResourcesFiltering - skip non existing resourceDirectory C:\Users\hbui3\OneDrive\Desktop\Java-prj\Todo-cli\TodoList-cli\src\test\resources
2025-08-11 19:47:05,937 [Worker-51: Launching Main] WARN  o.a.m.s.f.DefaultMavenResourcesFiltering - Using platform encoding (UTF-8 actually) to copy filtered resources, i.e. build is platform dependent!
2025-08-11 19:47:05,940 [Worker-51: Launching Main] INFO  o.a.m.s.f.DefaultMavenResourcesFiltering - Copying 4 resources from src to target\classes
2025-08-11 19:47:05,946 [Worker-51: Launching Main] WARN  o.a.m.s.f.DefaultMavenResourcesFiltering - Using platform encoding (UTF-8 actually) to copy filtered resources, i.e. build is platform dependent!
2025-08-11 19:47:05,948 [Worker-51: Launching Main] INFO  o.a.m.s.f.DefaultMavenResourcesFiltering - skip non existing resourceDirectory C:\Users\hbui3\OneDrive\Desktop\Java-prj\Todo-cli\TodoList-cli\src\test\resources
2025-08-11 20:22:58,372 [Worker-2: Loading available Gradle versions] INFO  o.e.b.c.i.u.g.PublishedGradleVersions - Gradle version information cache is out-of-date. Trying to update.
2025-08-11 20:26:18,921 [Worker-18: Launching Main] WARN  o.a.m.s.f.DefaultMavenResourcesFiltering - Using platform encoding (UTF-8 actually) to copy filtered resources, i.e. build is platform dependent!
2025-08-11 20:26:18,927 [Worker-18: Launching Main] INFO  o.a.m.s.f.DefaultMavenResourcesFiltering - Copying 4 resources from src to target\classes
2025-08-11 20:26:18,936 [Worker-18: Launching Main] WARN  o.a.m.s.f.DefaultMavenResourcesFiltering - Using platform encoding (UTF-8 actually) to copy filtered resources, i.e. build is platform dependent!
2025-08-11 20:26:18,937 [Worker-18: Launching Main] INFO  o.a.m.s.f.DefaultMavenResourcesFiltering - skip non existing resourceDirectory C:\Users\hbui3\OneDrive\Desktop\Java-prj\Todo-cli\TodoList-cli\src\test\resources
2025-08-12 13:15:51,895 [Worker-1: Loading available Gradle versions] INFO  o.e.b.c.i.u.g.PublishedGradleVersions - Gradle version information cache is up-to-date. Trying to read.
2025-08-12 13:32:08,717 [Worker-6: Launching Main] WARN  o.a.m.s.f.DefaultMavenResourcesFiltering - Using platform encoding (UTF-8 actually) to copy filtered resources, i.e. build is platform dependent!
2025-08-12 13:32:08,726 [Worker-6: Launching Main] INFO  o.a.m.s.f.DefaultMavenResourcesFiltering - Copying 4 resources from src to target\classes
2025-08-12 13:32:08,735 [Worker-6: Launching Main] WARN  o.a.m.s.f.DefaultMavenResourcesFiltering - Using platform encoding (UTF-8 actually) to copy filtered resources, i.e. build is platform dependent!
2025-08-12 13:32:08,736 [Worker-6: Launching Main] INFO  o.a.m.s.f.DefaultMavenResourcesFiltering - skip non existing resourceDirectory C:\Users\hbui3\OneDrive\Desktop\Java-prj\Todo-cli\TodoList-cli\src\test\resources
2025-08-12 13:40:47,984 [Worker-5: Loading available Gradle versions] INFO  o.e.b.c.i.u.g.PublishedGradleVersions - Gradle version information cache is up-to-date. Trying to read.
2025-08-12 13:42:05,372 [Worker-32: Launching Main] WARN  o.a.m.s.f.DefaultMavenResourcesFiltering - Using platform encoding (UTF-8 actually) to copy filtered resources, i.e. build is platform dependent!
2025-08-12 13:42:05,378 [Worker-32: Launching Main] INFO  o.a.m.s.f.DefaultMavenResourcesFiltering - Copying 4 resources from src to target\classes
2025-08-12 13:42:05,389 [Worker-32: Launching Main] WARN  o.a.m.s.f.DefaultMavenResourcesFiltering - Using platform encoding (UTF-8 actually) to copy filtered resources, i.e. build is platform dependent!
2025-08-12 13:42:05,390 [Worker-32: Launching Main] INFO  o.a.m.s.f.DefaultMavenResourcesFiltering - skip non existing resourceDirectory C:\Users\hbui3\OneDrive\Desktop\Java-prj\Todo-cli\TodoList-cli\src\test\resources
2025-08-12 16:39:58,795 [Worker-7: Loading available Gradle versions] INFO  o.e.b.c.i.u.g.PublishedGradleVersions - Gradle version information cache is up-to-date. Trying to read.
2025-08-12 16:55:43,071 [Worker-4: Building] WARN  o.a.m.s.f.DefaultMavenResourcesFiltering - Using platform encoding (UTF-8 actually) to copy filtered resources, i.e. build is platform dependent!
2025-08-12 16:55:43,087 [Worker-4: Building] INFO  o.a.m.s.f.DefaultMavenResourcesFiltering - Copying 4 resources from src to target\classes
2025-08-12 16:55:43,102 [Worker-4: Building] WARN  o.a.m.s.f.DefaultMavenResourcesFiltering - Using platform encoding (UTF-8 actually) to copy filtered resources, i.e. build is platform dependent!
2025-08-12 16:55:43,103 [Worker-4: Building] INFO  o.a.m.s.f.DefaultMavenResourcesFiltering - skip non existing resourceDirectory C:\Users\hbui3\OneDrive\Desktop\Java-prj\Todo-cli\TodoList-cli\src\test\resources
2025-08-12 16:56:53,912 [Worker-18: Building] WARN  o.a.m.s.f.DefaultMavenResourcesFiltering - Using platform encoding (UTF-8 actually) to copy filtered resources, i.e. build is platform dependent!
2025-08-12 16:56:53,916 [Worker-18: Building] INFO  o.a.m.s.f.DefaultMavenResourcesFiltering - Copying 4 resources from src to target\classes
2025-08-12 16:56:53,922 [Worker-18: Building] WARN  o.a.m.s.f.DefaultMavenResourcesFiltering - Using platform encoding (UTF-8 actually) to copy filtered resources, i.e. build is platform dependent!
2025-08-12 16:56:53,923 [Worker-18: Building] INFO  o.a.m.s.f.DefaultMavenResourcesFiltering - skip non existing resourceDirectory C:\Users\hbui3\OneDrive\Desktop\Java-prj\Todo-cli\TodoList-cli\src\test\resources
2025-08-12 16:58:18,045 [Worker-41: Building] WARN  o.a.m.s.f.DefaultMavenResourcesFiltering - Using platform encoding (UTF-8 actually) to copy filtered resources, i.e. build is platform dependent!
2025-08-12 16:58:18,047 [Worker-41: Building] INFO  o.a.m.s.f.DefaultMavenResourcesFiltering - Copying 4 resources from src to target\classes
2025-08-12 16:58:18,051 [Worker-41: Building] WARN  o.a.m.s.f.DefaultMavenResourcesFiltering - Using platform encoding (UTF-8 actually) to copy filtered resources, i.e. build is platform dependent!
2025-08-12 16:58:18,052 [Worker-41: Building] INFO  o.a.m.s.f.DefaultMavenResourcesFiltering - skip non existing resourceDirectory C:\Users\hbui3\OneDrive\Desktop\Java-prj\Todo-cli\TodoList-cli\src\test\resources
2025-08-12 17:01:18,797 [Worker-18: Building] WARN  o.a.m.s.f.DefaultMavenResourcesFiltering - Using platform encoding (UTF-8 actually) to copy filtered resources, i.e. build is platform dependent!
2025-08-12 17:01:18,801 [Worker-18: Building] INFO  o.a.m.s.f.DefaultMavenResourcesFiltering - Copying 4 resources from src to target\classes
2025-08-12 17:01:18,804 [Worker-18: Building] WARN  o.a.m.s.f.DefaultMavenResourcesFiltering - Using platform encoding (UTF-8 actually) to copy filtered resources, i.e. build is platform dependent!
2025-08-12 17:01:18,805 [Worker-18: Building] INFO  o.a.m.s.f.DefaultMavenResourcesFiltering - skip non existing resourceDirectory C:\Users\hbui3\OneDrive\Desktop\Java-prj\Todo-cli\TodoList-cli\src\test\resources
2025-08-12 17:07:14,046 [Worker-18: Building] WARN  o.a.m.s.f.DefaultMavenResourcesFiltering - Using platform encoding (UTF-8 actually) to copy filtered resources, i.e. build is platform dependent!
2025-08-12 17:07:14,052 [Worker-18: Building] INFO  o.a.m.s.f.DefaultMavenResourcesFiltering - Copying 4 resources from src to target\classes
2025-08-12 17:07:14,060 [Worker-18: Building] WARN  o.a.m.s.f.DefaultMavenResourcesFiltering - Using platform encoding (UTF-8 actually) to copy filtered resources, i.e. build is platform dependent!
2025-08-12 17:07:14,062 [Worker-18: Building] INFO  o.a.m.s.f.DefaultMavenResourcesFiltering - skip non existing resourceDirectory C:\Users\hbui3\OneDrive\Desktop\Java-prj\Todo-cli\TodoList-cli\src\test\resources
2025-08-12 17:11:49,822 [Worker-41: Building] WARN  o.a.m.s.f.DefaultMavenResourcesFiltering - Using platform encoding (UTF-8 actually) to copy filtered resources, i.e. build is platform dependent!
2025-08-12 17:11:49,825 [Worker-41: Building] INFO  o.a.m.s.f.DefaultMavenResourcesFiltering - Copying 4 resources from src to target\classes
2025-08-12 17:11:49,830 [Worker-41: Building] WARN  o.a.m.s.f.DefaultMavenResourcesFiltering - Using platform encoding (UTF-8 actually) to copy filtered resources, i.e. build is platform dependent!
2025-08-12 17:11:49,832 [Worker-41: Building] INFO  o.a.m.s.f.DefaultMavenResourcesFiltering - skip non existing resourceDirectory C:\Users\hbui3\OneDrive\Desktop\Java-prj\Todo-cli\TodoList-cli\src\test\resources
2025-08-12 17:12:02,556 [Worker-4: Building] WARN  o.a.m.s.f.DefaultMavenResourcesFiltering - Using platform encoding (UTF-8 actually) to copy filtered resources, i.e. build is platform dependent!
2025-08-12 17:12:02,559 [Worker-4: Building] INFO  o.a.m.s.f.DefaultMavenResourcesFiltering - Copying 4 resources from src to target\classes
2025-08-12 17:12:02,564 [Worker-4: Building] WARN  o.a.m.s.f.DefaultMavenResourcesFiltering - Using platform encoding (UTF-8 actually) to copy filtered resources, i.e. build is platform dependent!
2025-08-12 17:12:02,565 [Worker-4: Building] INFO  o.a.m.s.f.DefaultMavenResourcesFiltering - skip non existing resourceDirectory C:\Users\hbui3\OneDrive\Desktop\Java-prj\Todo-cli\TodoList-cli\src\test\resources
2025-08-12 17:12:34,601 [Worker-42: Building] WARN  o.a.m.s.f.DefaultMavenResourcesFiltering - Using platform encoding (UTF-8 actually) to copy filtered resources, i.e. build is platform dependent!
2025-08-12 17:12:34,603 [Worker-42: Building] INFO  o.a.m.s.f.DefaultMavenResourcesFiltering - Copying 4 resources from src to target\classes
2025-08-12 17:12:34,609 [Worker-42: Building] WARN  o.a.m.s.f.DefaultMavenResourcesFiltering - Using platform encoding (UTF-8 actually) to copy filtered resources, i.e. build is platform dependent!
2025-08-12 17:12:34,610 [Worker-42: Building] INFO  o.a.m.s.f.DefaultMavenResourcesFiltering - skip non existing resourceDirectory C:\Users\hbui3\OneDrive\Desktop\Java-prj\Todo-cli\TodoList-cli\src\test\resources
2025-08-12 17:12:59,412 [Worker-42: Building] WARN  o.a.m.s.f.DefaultMavenResourcesFiltering - Using platform encoding (UTF-8 actually) to copy filtered resources, i.e. build is platform dependent!
2025-08-12 17:12:59,415 [Worker-42: Building] INFO  o.a.m.s.f.DefaultMavenResourcesFiltering - Copying 1 resource from src to target\classes
2025-08-12 17:12:59,421 [Worker-42: Building] WARN  o.a.m.s.f.DefaultMavenResourcesFiltering - Using platform encoding (UTF-8 actually) to copy filtered resources, i.e. build is platform dependent!
2025-08-12 17:12:59,422 [Worker-42: Building] INFO  o.a.m.s.f.DefaultMavenResourcesFiltering - skip non existing resourceDirectory C:\Users\hbui3\OneDrive\Desktop\Java-prj\Todo-cli\TodoList-cli\src\test\resources
2025-08-12 17:34:07,139 [Worker-50: Building] WARN  o.a.m.s.f.DefaultMavenResourcesFiltering - Using platform encoding (UTF-8 actually) to copy filtered resources, i.e. build is platform dependent!
2025-08-12 17:34:07,142 [Worker-50: Building] INFO  o.a.m.s.f.DefaultMavenResourcesFiltering - Copying 4 resources from src to target\classes
2025-08-12 17:34:07,146 [Worker-50: Building] WARN  o.a.m.s.f.DefaultMavenResourcesFiltering - Using platform encoding (UTF-8 actually) to copy filtered resources, i.e. build is platform dependent!
2025-08-12 17:34:07,147 [Worker-50: Building] INFO  o.a.m.s.f.DefaultMavenResourcesFiltering - skip non existing resourceDirectory C:\Users\hbui3\OneDrive\Desktop\Java-prj\Todo-cli\TodoList-cli\src\test\resources
2025-08-12 17:37:33,499 [Worker-50: Building] WARN  o.a.m.s.f.DefaultMavenResourcesFiltering - Using platform encoding (UTF-8 actually) to copy filtered resources, i.e. build is platform dependent!
2025-08-12 17:37:33,502 [Worker-50: Building] INFO  o.a.m.s.f.DefaultMavenResourcesFiltering - Copying 4 resources from src to target\classes
2025-08-12 17:37:33,506 [Worker-50: Building] WARN  o.a.m.s.f.DefaultMavenResourcesFiltering - Using platform encoding (UTF-8 actually) to copy filtered resources, i.e. build is platform dependent!
2025-08-12 17:37:33,507 [Worker-50: Building] INFO  o.a.m.s.f.DefaultMavenResourcesFiltering - skip non existing resourceDirectory C:\Users\hbui3\OneDrive\Desktop\Java-prj\Todo-cli\TodoList-cli\src\test\resources
2025-08-12 17:56:10,794 [Worker-57: Building] WARN  o.a.m.s.f.DefaultMavenResourcesFiltering - Using platform encoding (UTF-8 actually) to copy filtered resources, i.e. build is platform dependent!
2025-08-12 17:56:10,797 [Worker-57: Building] INFO  o.a.m.s.f.DefaultMavenResourcesFiltering - Copying 4 resources from src to target\classes
2025-08-12 17:56:10,800 [Worker-57: Building] WARN  o.a.m.s.f.DefaultMavenResourcesFiltering - Using platform encoding (UTF-8 actually) to copy filtered resources, i.e. build is platform dependent!
2025-08-12 17:56:10,801 [Worker-57: Building] INFO  o.a.m.s.f.DefaultMavenResourcesFiltering - skip non existing resourceDirectory C:\Users\hbui3\OneDrive\Desktop\Java-prj\Todo-cli\TodoList-cli\src\test\resources
2025-08-12 17:56:42,986 [Worker-50: Building] WARN  o.a.m.s.f.DefaultMavenResourcesFiltering - Using platform encoding (UTF-8 actually) to copy filtered resources, i.e. build is platform dependent!
2025-08-12 17:56:42,988 [Worker-50: Building] INFO  o.a.m.s.f.DefaultMavenResourcesFiltering - Copying 4 resources from src to target\classes
2025-08-12 17:56:42,991 [Worker-50: Building] WARN  o.a.m.s.f.DefaultMavenResourcesFiltering - Using platform encoding (UTF-8 actually) to copy filtered resources, i.e. build is platform dependent!
2025-08-12 17:56:42,992 [Worker-50: Building] INFO  o.a.m.s.f.DefaultMavenResourcesFiltering - skip non existing resourceDirectory C:\Users\hbui3\OneDrive\Desktop\Java-prj\Todo-cli\TodoList-cli\src\test\resources
2025-08-12 17:59:34,496 [Worker-58: Building] WARN  o.a.m.s.f.DefaultMavenResourcesFiltering - Using platform encoding (UTF-8 actually) to copy filtered resources, i.e. build is platform dependent!
2025-08-12 17:59:34,499 [Worker-58: Building] INFO  o.a.m.s.f.DefaultMavenResourcesFiltering - Copying 1 resource from src to target\classes
2025-08-12 17:59:34,503 [Worker-58: Building] WARN  o.a.m.s.f.DefaultMavenResourcesFiltering - Using platform encoding (UTF-8 actually) to copy filtered resources, i.e. build is platform dependent!
2025-08-12 17:59:34,504 [Worker-58: Building] INFO  o.a.m.s.f.DefaultMavenResourcesFiltering - skip non existing resourceDirectory C:\Users\hbui3\OneDrive\Desktop\Java-prj\Todo-cli\TodoList-cli\src\test\resources
2025-08-12 18:05:25,933 [Worker-56: Launching Main] WARN  o.a.m.s.f.DefaultMavenResourcesFiltering - Using platform encoding (UTF-8 actually) to copy filtered resources, i.e. build is platform dependent!
2025-08-12 18:05:25,936 [Worker-56: Launching Main] INFO  o.a.m.s.f.DefaultMavenResourcesFiltering - Copying 4 resources from src to target\classes
2025-08-12 18:05:25,941 [Worker-56: Launching Main] WARN  o.a.m.s.f.DefaultMavenResourcesFiltering - Using platform encoding (UTF-8 actually) to copy filtered resources, i.e. build is platform dependent!
2025-08-12 18:05:25,942 [Worker-56: Launching Main] INFO  o.a.m.s.f.DefaultMavenResourcesFiltering - skip non existing resourceDirectory C:\Users\hbui3\OneDrive\Desktop\Java-prj\Todo-cli\TodoList-cli\src\test\resources
2025-08-12 18:08:11,300 [Worker-63: Launching Main] WARN  o.a.m.s.f.DefaultMavenResourcesFiltering - Using platform encoding (UTF-8 actually) to copy filtered resources, i.e. build is platform dependent!
2025-08-12 18:08:11,303 [Worker-63: Launching Main] INFO  o.a.m.s.f.DefaultMavenResourcesFiltering - Copying 4 resources from src to target\classes
2025-08-12 18:08:11,307 [Worker-63: Launching Main] WARN  o.a.m.s.f.DefaultMavenResourcesFiltering - Using platform encoding (UTF-8 actually) to copy filtered resources, i.e. build is platform dependent!
2025-08-12 18:08:11,308 [Worker-63: Launching Main] INFO  o.a.m.s.f.DefaultMavenResourcesFiltering - skip non existing resourceDirectory C:\Users\hbui3\OneDrive\Desktop\Java-prj\Todo-cli\TodoList-cli\src\test\resources
2025-08-12 18:09:19,161 [Worker-66: Launching Main] WARN  o.a.m.s.f.DefaultMavenResourcesFiltering - Using platform encoding (UTF-8 actually) to copy filtered resources, i.e. build is platform dependent!
2025-08-12 18:09:19,167 [Worker-66: Launching Main] INFO  o.a.m.s.f.DefaultMavenResourcesFiltering - Copying 4 resources from src to target\classes
2025-08-12 18:09:19,173 [Worker-66: Launching Main] WARN  o.a.m.s.f.DefaultMavenResourcesFiltering - Using platform encoding (UTF-8 actually) to copy filtered resources, i.e. build is platform dependent!
2025-08-12 18:09:19,174 [Worker-66: Launching Main] INFO  o.a.m.s.f.DefaultMavenResourcesFiltering - skip non existing resourceDirectory C:\Users\hbui3\OneDrive\Desktop\Java-prj\Todo-cli\TodoList-cli\src\test\resources
2025-08-12 18:15:30,176 [Worker-70: Launching Main] WARN  o.a.m.s.f.DefaultMavenResourcesFiltering - Using platform encoding (UTF-8 actually) to copy filtered resources, i.e. build is platform dependent!
2025-08-12 18:15:30,178 [Worker-70: Launching Main] INFO  o.a.m.s.f.DefaultMavenResourcesFiltering - Copying 4 resources from src to target\classes
2025-08-12 18:15:30,183 [Worker-70: Launching Main] WARN  o.a.m.s.f.DefaultMavenResourcesFiltering - Using platform encoding (UTF-8 actually) to copy filtered resources, i.e. build is platform dependent!
2025-08-12 18:15:30,184 [Worker-70: Launching Main] INFO  o.a.m.s.f.DefaultMavenResourcesFiltering - skip non existing resourceDirectory C:\Users\hbui3\OneDrive\Desktop\Java-prj\Todo-cli\TodoList-cli\src\test\resources
2025-08-12 18:18:00,951 [Worker-68: Building] WARN  o.a.m.s.f.DefaultMavenResourcesFiltering - Using platform encoding (UTF-8 actually) to copy filtered resources, i.e. build is platform dependent!
2025-08-12 18:18:00,954 [Worker-68: Building] INFO  o.a.m.s.f.DefaultMavenResourcesFiltering - Copying 1 resource from src to target\classes
2025-08-12 18:18:00,958 [Worker-68: Building] WARN  o.a.m.s.f.DefaultMavenResourcesFiltering - Using platform encoding (UTF-8 actually) to copy filtered resources, i.e. build is platform dependent!
2025-08-12 18:18:00,959 [Worker-68: Building] INFO  o.a.m.s.f.DefaultMavenResourcesFiltering - skip non existing resourceDirectory C:\Users\hbui3\OneDrive\Desktop\Java-prj\Todo-cli\TodoList-cli\src\test\resources
2025-08-12 18:27:02,712 [Worker-77: Building] WARN  o.a.m.s.f.DefaultMavenResourcesFiltering - Using platform encoding (UTF-8 actually) to copy filtered resources, i.e. build is platform dependent!
2025-08-12 18:27:02,714 [Worker-77: Building] INFO  o.a.m.s.f.DefaultMavenResourcesFiltering - Copying 1 resource from src to target\classes
2025-08-12 18:27:02,719 [Worker-77: Building] WARN  o.a.m.s.f.DefaultMavenResourcesFiltering - Using platform encoding (UTF-8 actually) to copy filtered resources, i.e. build is platform dependent!
2025-08-12 18:27:02,720 [Worker-77: Building] INFO  o.a.m.s.f.DefaultMavenResourcesFiltering - skip non existing resourceDirectory C:\Users\hbui3\OneDrive\Desktop\Java-prj\Todo-cli\TodoList-cli\src\test\resources
2025-08-12 18:37:00,798 [Worker-83: Building] WARN  o.a.m.s.f.DefaultMavenResourcesFiltering - Using platform encoding (UTF-8 actually) to copy filtered resources, i.e. build is platform dependent!
2025-08-12 18:37:00,800 [Worker-83: Building] INFO  o.a.m.s.f.DefaultMavenResourcesFiltering - Copying 4 resources from src to target\classes
2025-08-12 18:37:00,805 [Worker-83: Building] WARN  o.a.m.s.f.DefaultMavenResourcesFiltering - Using platform encoding (UTF-8 actually) to copy filtered resources, i.e. build is platform dependent!
2025-08-12 18:37:00,805 [Worker-83: Building] INFO  o.a.m.s.f.DefaultMavenResourcesFiltering - skip non existing resourceDirectory C:\Users\hbui3\OneDrive\Desktop\Java-prj\Todo-cli\TodoList-cli\src\test\resources
2025-08-12 18:38:08,828 [Worker-80: Launching Main] WARN  o.a.m.s.f.DefaultMavenResourcesFiltering - Using platform encoding (UTF-8 actually) to copy filtered resources, i.e. build is platform dependent!
2025-08-12 18:38:08,831 [Worker-80: Launching Main] INFO  o.a.m.s.f.DefaultMavenResourcesFiltering - Copying 4 resources from src to target\classes
2025-08-12 18:38:08,835 [Worker-80: Launching Main] WARN  o.a.m.s.f.DefaultMavenResourcesFiltering - Using platform encoding (UTF-8 actually) to copy filtered resources, i.e. build is platform dependent!
2025-08-12 18:38:08,836 [Worker-80: Launching Main] INFO  o.a.m.s.f.DefaultMavenResourcesFiltering - skip non existing resourceDirectory C:\Users\hbui3\OneDrive\Desktop\Java-prj\Todo-cli\TodoList-cli\src\test\resources
2025-08-12 18:40:51,984 [Worker-80: Launching Main] WARN  o.a.m.s.f.DefaultMavenResourcesFiltering - Using platform encoding (UTF-8 actually) to copy filtered resources, i.e. build is platform dependent!
2025-08-12 18:40:51,987 [Worker-80: Launching Main] INFO  o.a.m.s.f.DefaultMavenResourcesFiltering - Copying 4 resources from src to target\classes
2025-08-12 18:40:51,991 [Worker-80: Launching Main] WARN  o.a.m.s.f.DefaultMavenResourcesFiltering - Using platform encoding (UTF-8 actually) to copy filtered resources, i.e. build is platform dependent!
2025-08-12 18:40:51,992 [Worker-80: Launching Main] INFO  o.a.m.s.f.DefaultMavenResourcesFiltering - skip non existing resourceDirectory C:\Users\hbui3\OneDrive\Desktop\Java-prj\Todo-cli\TodoList-cli\src\test\resources
2025-08-12 18:42:26,798 [Worker-87: Launching Main] WARN  o.a.m.s.f.DefaultMavenResourcesFiltering - Using platform encoding (UTF-8 actually) to copy filtered resources, i.e. build is platform dependent!
2025-08-12 18:42:26,800 [Worker-87: Launching Main] INFO  o.a.m.s.f.DefaultMavenResourcesFiltering - Copying 4 resources from src to target\classes
2025-08-12 18:42:26,805 [Worker-87: Launching Main] WARN  o.a.m.s.f.DefaultMavenResourcesFiltering - Using platform encoding (UTF-8 actually) to copy filtered resources, i.e. build is platform dependent!
2025-08-12 18:42:26,806 [Worker-87: Launching Main] INFO  o.a.m.s.f.DefaultMavenResourcesFiltering - skip non existing resourceDirectory C:\Users\hbui3\OneDrive\Desktop\Java-prj\Todo-cli\TodoList-cli\src\test\resources
2025-08-12 18:45:35,192 [Worker-83: Launching Main] WARN  o.a.m.s.f.DefaultMavenResourcesFiltering - Using platform encoding (UTF-8 actually) to copy filtered resources, i.e. build is platform dependent!
2025-08-12 18:45:35,197 [Worker-83: Launching Main] INFO  o.a.m.s.f.DefaultMavenResourcesFiltering - Copying 4 resources from src to target\classes
2025-08-12 18:45:35,201 [Worker-83: Launching Main] WARN  o.a.m.s.f.DefaultMavenResourcesFiltering - Using platform encoding (UTF-8 actually) to copy filtered resources, i.e. build is platform dependent!
2025-08-12 18:45:35,202 [Worker-83: Launching Main] INFO  o.a.m.s.f.DefaultMavenResourcesFiltering - skip non existing resourceDirectory C:\Users\hbui3\OneDrive\Desktop\Java-prj\Todo-cli\TodoList-cli\src\test\resources
2025-08-12 18:47:55,468 [Worker-88: Launching Main] WARN  o.a.m.s.f.DefaultMavenResourcesFiltering - Using platform encoding (UTF-8 actually) to copy filtered resources, i.e. build is platform dependent!
2025-08-12 18:47:55,473 [Worker-88: Launching Main] INFO  o.a.m.s.f.DefaultMavenResourcesFiltering - Copying 4 resources from src to target\classes
2025-08-12 18:47:55,477 [Worker-88: Launching Main] WARN  o.a.m.s.f.DefaultMavenResourcesFiltering - Using platform encoding (UTF-8 actually) to copy filtered resources, i.e. build is platform dependent!
2025-08-12 18:47:55,477 [Worker-88: Launching Main] INFO  o.a.m.s.f.DefaultMavenResourcesFiltering - skip non existing resourceDirectory C:\Users\hbui3\OneDrive\Desktop\Java-prj\Todo-cli\TodoList-cli\src\test\resources
2025-08-12 18:48:17,040 [Worker-85: Launching Main] WARN  o.a.m.s.f.DefaultMavenResourcesFiltering - Using platform encoding (UTF-8 actually) to copy filtered resources, i.e. build is platform dependent!
2025-08-12 18:48:17,042 [Worker-85: Launching Main] INFO  o.a.m.s.f.DefaultMavenResourcesFiltering - Copying 4 resources from src to target\classes
2025-08-12 18:48:17,046 [Worker-85: Launching Main] WARN  o.a.m.s.f.DefaultMavenResourcesFiltering - Using platform encoding (UTF-8 actually) to copy filtered resources, i.e. build is platform dependent!
2025-08-12 18:48:17,047 [Worker-85: Launching Main] INFO  o.a.m.s.f.DefaultMavenResourcesFiltering - skip non existing resourceDirectory C:\Users\hbui3\OneDrive\Desktop\Java-prj\Todo-cli\TodoList-cli\src\test\resources
2025-08-12 18:50:41,790 [Worker-78: Launching Main] WARN  o.a.m.s.f.DefaultMavenResourcesFiltering - Using platform encoding (UTF-8 actually) to copy filtered resources, i.e. build is platform dependent!
2025-08-12 18:50:41,792 [Worker-78: Launching Main] INFO  o.a.m.s.f.DefaultMavenResourcesFiltering - Copying 4 resources from src to target\classes
2025-08-12 18:50:41,795 [Worker-78: Launching Main] WARN  o.a.m.s.f.DefaultMavenResourcesFiltering - Using platform encoding (UTF-8 actually) to copy filtered resources, i.e. build is platform dependent!
2025-08-12 18:50:41,796 [Worker-78: Launching Main] INFO  o.a.m.s.f.DefaultMavenResourcesFiltering - skip non existing resourceDirectory C:\Users\hbui3\OneDrive\Desktop\Java-prj\Todo-cli\TodoList-cli\src\test\resources
2025-08-12 18:52:42,963 [Worker-85: Launching Main] WARN  o.a.m.s.f.DefaultMavenResourcesFiltering - Using platform encoding (UTF-8 actually) to copy filtered resources, i.e. build is platform dependent!
2025-08-12 18:52:42,966 [Worker-85: Launching Main] INFO  o.a.m.s.f.DefaultMavenResourcesFiltering - Copying 4 resources from src to target\classes
2025-08-12 18:52:42,970 [Worker-85: Launching Main] WARN  o.a.m.s.f.DefaultMavenResourcesFiltering - Using platform encoding (UTF-8 actually) to copy filtered resources, i.e. build is platform dependent!
2025-08-12 18:52:42,971 [Worker-85: Launching Main] INFO  o.a.m.s.f.DefaultMavenResourcesFiltering - skip non existing resourceDirectory C:\Users\hbui3\OneDrive\Desktop\Java-prj\Todo-cli\TodoList-cli\src\test\resources
2025-08-12 18:57:49,000 [Worker-86: Building] WARN  o.a.m.s.f.DefaultMavenResourcesFiltering - Using platform encoding (UTF-8 actually) to copy filtered resources, i.e. build is platform dependent!
2025-08-12 18:57:49,003 [Worker-86: Building] INFO  o.a.m.s.f.DefaultMavenResourcesFiltering - Copying 4 resources from src to target\classes
2025-08-12 18:57:49,006 [Worker-86: Building] WARN  o.a.m.s.f.DefaultMavenResourcesFiltering - Using platform encoding (UTF-8 actually) to copy filtered resources, i.e. build is platform dependent!
2025-08-12 18:57:49,006 [Worker-86: Building] INFO  o.a.m.s.f.DefaultMavenResourcesFiltering - skip non existing resourceDirectory C:\Users\hbui3\OneDrive\Desktop\Java-prj\Todo-cli\TodoList-cli\src\test\resources
2025-08-12 18:58:15,477 [Worker-83: Launching Main] WARN  o.a.m.s.f.DefaultMavenResourcesFiltering - Using platform encoding (UTF-8 actually) to copy filtered resources, i.e. build is platform dependent!
2025-08-12 18:58:15,480 [Worker-83: Launching Main] INFO  o.a.m.s.f.DefaultMavenResourcesFiltering - Copying 4 resources from src to target\classes
2025-08-12 18:58:15,484 [Worker-83: Launching Main] WARN  o.a.m.s.f.DefaultMavenResourcesFiltering - Using platform encoding (UTF-8 actually) to copy filtered resources, i.e. build is platform dependent!
2025-08-12 18:58:15,485 [Worker-83: Launching Main] INFO  o.a.m.s.f.DefaultMavenResourcesFiltering - skip non existing resourceDirectory C:\Users\hbui3\OneDrive\Desktop\Java-prj\Todo-cli\TodoList-cli\src\test\resources
2025-08-12 19:01:09,825 [Worker-85: Launching Main] WARN  o.a.m.s.f.DefaultMavenResourcesFiltering - Using platform encoding (UTF-8 actually) to copy filtered resources, i.e. build is platform dependent!
2025-08-12 19:01:09,829 [Worker-85: Launching Main] INFO  o.a.m.s.f.DefaultMavenResourcesFiltering - Copying 4 resources from src to target\classes
2025-08-12 19:01:09,833 [Worker-85: Launching Main] WARN  o.a.m.s.f.DefaultMavenResourcesFiltering - Using platform encoding (UTF-8 actually) to copy filtered resources, i.e. build is platform dependent!
2025-08-12 19:01:09,834 [Worker-85: Launching Main] INFO  o.a.m.s.f.DefaultMavenResourcesFiltering - skip non existing resourceDirectory C:\Users\hbui3\OneDrive\Desktop\Java-prj\Todo-cli\TodoList-cli\src\test\resources
2025-08-12 19:10:46,765 [Worker-84: Launching Main] WARN  o.a.m.s.f.DefaultMavenResourcesFiltering - Using platform encoding (UTF-8 actually) to copy filtered resources, i.e. build is platform dependent!
2025-08-12 19:10:46,769 [Worker-84: Launching Main] INFO  o.a.m.s.f.DefaultMavenResourcesFiltering - Copying 4 resources from src to target\classes
2025-08-12 19:10:46,773 [Worker-84: Launching Main] WARN  o.a.m.s.f.DefaultMavenResourcesFiltering - Using platform encoding (UTF-8 actually) to copy filtered resources, i.e. build is platform dependent!
2025-08-12 19:10:46,774 [Worker-84: Launching Main] INFO  o.a.m.s.f.DefaultMavenResourcesFiltering - skip non existing resourceDirectory C:\Users\hbui3\OneDrive\Desktop\Java-prj\Todo-cli\TodoList-cli\src\test\resources
2025-08-12 19:12:59,974 [Worker-92: Launching Main] WARN  o.a.m.s.f.DefaultMavenResourcesFiltering - Using platform encoding (UTF-8 actually) to copy filtered resources, i.e. build is platform dependent!
2025-08-12 19:12:59,978 [Worker-92: Launching Main] INFO  o.a.m.s.f.DefaultMavenResourcesFiltering - Copying 1 resource from src to target\classes
2025-08-12 19:12:59,982 [Worker-92: Launching Main] WARN  o.a.m.s.f.DefaultMavenResourcesFiltering - Using platform encoding (UTF-8 actually) to copy filtered resources, i.e. build is platform dependent!
2025-08-12 19:12:59,983 [Worker-92: Launching Main] INFO  o.a.m.s.f.DefaultMavenResourcesFiltering - skip non existing resourceDirectory C:\Users\hbui3\OneDrive\Desktop\Java-prj\Todo-cli\TodoList-cli\src\test\resources
2025-08-12 19:14:39,646 [Worker-91: Launching Main] WARN  o.a.m.s.f.DefaultMavenResourcesFiltering - Using platform encoding (UTF-8 actually) to copy filtered resources, i.e. build is platform dependent!
2025-08-12 19:14:39,648 [Worker-91: Launching Main] INFO  o.a.m.s.f.DefaultMavenResourcesFiltering - Copying 1 resource from src to target\classes
2025-08-12 19:14:39,652 [Worker-91: Launching Main] WARN  o.a.m.s.f.DefaultMavenResourcesFiltering - Using platform encoding (UTF-8 actually) to copy filtered resources, i.e. build is platform dependent!
2025-08-12 19:14:39,653 [Worker-91: Launching Main] INFO  o.a.m.s.f.DefaultMavenResourcesFiltering - skip non existing resourceDirectory C:\Users\hbui3\OneDrive\Desktop\Java-prj\Todo-cli\TodoList-cli\src\test\resources
2025-08-12 19:15:22,021 [Worker-94: Launching Main] WARN  o.a.m.s.f.DefaultMavenResourcesFiltering - Using platform encoding (UTF-8 actually) to copy filtered resources, i.e. build is platform dependent!
2025-08-12 19:15:22,024 [Worker-94: Launching Main] INFO  o.a.m.s.f.DefaultMavenResourcesFiltering - Copying 1 resource from src to target\classes
2025-08-12 19:15:22,028 [Worker-94: Launching Main] WARN  o.a.m.s.f.DefaultMavenResourcesFiltering - Using platform encoding (UTF-8 actually) to copy filtered resources, i.e. build is platform dependent!
2025-08-12 19:15:22,028 [Worker-94: Launching Main] INFO  o.a.m.s.f.DefaultMavenResourcesFiltering - skip non existing resourceDirectory C:\Users\hbui3\OneDrive\Desktop\Java-prj\Todo-cli\TodoList-cli\src\test\resources
2025-08-12 19:16:07,577 [Worker-91: Launching Main] WARN  o.a.m.s.f.DefaultMavenResourcesFiltering - Using platform encoding (UTF-8 actually) to copy filtered resources, i.e. build is platform dependent!
2025-08-12 19:16:07,579 [Worker-91: Launching Main] INFO  o.a.m.s.f.DefaultMavenResourcesFiltering - Copying 1 resource from src to target\classes
2025-08-12 19:16:07,583 [Worker-91: Launching Main] WARN  o.a.m.s.f.DefaultMavenResourcesFiltering - Using platform encoding (UTF-8 actually) to copy filtered resources, i.e. build is platform dependent!
2025-08-12 19:16:07,584 [Worker-91: Launching Main] INFO  o.a.m.s.f.DefaultMavenResourcesFiltering - skip non existing resourceDirectory C:\Users\hbui3\OneDrive\Desktop\Java-prj\Todo-cli\TodoList-cli\src\test\resources
2025-08-12 19:16:29,865 [Worker-93: Launching Main] WARN  o.a.m.s.f.DefaultMavenResourcesFiltering - Using platform encoding (UTF-8 actually) to copy filtered resources, i.e. build is platform dependent!
2025-08-12 19:16:29,868 [Worker-93: Launching Main] INFO  o.a.m.s.f.DefaultMavenResourcesFiltering - Copying 1 resource from src to target\classes
2025-08-12 19:16:29,871 [Worker-93: Launching Main] WARN  o.a.m.s.f.DefaultMavenResourcesFiltering - Using platform encoding (UTF-8 actually) to copy filtered resources, i.e. build is platform dependent!
2025-08-12 19:16:29,872 [Worker-93: Launching Main] INFO  o.a.m.s.f.DefaultMavenResourcesFiltering - skip non existing resourceDirectory C:\Users\hbui3\OneDrive\Desktop\Java-prj\Todo-cli\TodoList-cli\src\test\resources
2025-08-12 19:16:50,481 [Worker-94: Launching Main] WARN  o.a.m.s.f.DefaultMavenResourcesFiltering - Using platform encoding (UTF-8 actually) to copy filtered resources, i.e. build is platform dependent!
2025-08-12 19:16:50,484 [Worker-94: Launching Main] INFO  o.a.m.s.f.DefaultMavenResourcesFiltering - Copying 1 resource from src to target\classes
2025-08-12 19:16:50,487 [Worker-94: Launching Main] WARN  o.a.m.s.f.DefaultMavenResourcesFiltering - Using platform encoding (UTF-8 actually) to copy filtered resources, i.e. build is platform dependent!
2025-08-12 19:16:50,488 [Worker-94: Launching Main] INFO  o.a.m.s.f.DefaultMavenResourcesFiltering - skip non existing resourceDirectory C:\Users\hbui3\OneDrive\Desktop\Java-prj\Todo-cli\TodoList-cli\src\test\resources
2025-08-12 19:17:04,770 [Worker-96: Launching Main] WARN  o.a.m.s.f.DefaultMavenResourcesFiltering - Using platform encoding (UTF-8 actually) to copy filtered resources, i.e. build is platform dependent!
2025-08-12 19:17:04,772 [Worker-96: Launching Main] INFO  o.a.m.s.f.DefaultMavenResourcesFiltering - Copying 1 resource from src to target\classes
2025-08-12 19:17:04,775 [Worker-96: Launching Main] WARN  o.a.m.s.f.DefaultMavenResourcesFiltering - Using platform encoding (UTF-8 actually) to copy filtered resources, i.e. build is platform dependent!
2025-08-12 19:17:04,776 [Worker-96: Launching Main] INFO  o.a.m.s.f.DefaultMavenResourcesFiltering - skip non existing resourceDirectory C:\Users\hbui3\OneDrive\Desktop\Java-prj\Todo-cli\TodoList-cli\src\test\resources
2025-08-12 19:17:25,560 [Worker-96: Launching Main] WARN  o.a.m.s.f.DefaultMavenResourcesFiltering - Using platform encoding (UTF-8 actually) to copy filtered resources, i.e. build is platform dependent!
2025-08-12 19:17:25,562 [Worker-96: Launching Main] INFO  o.a.m.s.f.DefaultMavenResourcesFiltering - Copying 1 resource from src to target\classes
2025-08-12 19:17:25,566 [Worker-96: Launching Main] WARN  o.a.m.s.f.DefaultMavenResourcesFiltering - Using platform encoding (UTF-8 actually) to copy filtered resources, i.e. build is platform dependent!
2025-08-12 19:17:25,567 [Worker-96: Launching Main] INFO  o.a.m.s.f.DefaultMavenResourcesFiltering - skip non existing resourceDirectory C:\Users\hbui3\OneDrive\Desktop\Java-prj\Todo-cli\TodoList-cli\src\test\resources
2025-08-12 19:19:19,479 [Worker-95: Launching Main] WARN  o.a.m.s.f.DefaultMavenResourcesFiltering - Using platform encoding (UTF-8 actually) to copy filtered resources, i.e. build is platform dependent!
2025-08-12 19:19:19,482 [Worker-95: Launching Main] INFO  o.a.m.s.f.DefaultMavenResourcesFiltering - Copying 4 resources from src to target\classes
2025-08-12 19:19:19,487 [Worker-95: Launching Main] WARN  o.a.m.s.f.DefaultMavenResourcesFiltering - Using platform encoding (UTF-8 actually) to copy filtered resources, i.e. build is platform dependent!
2025-08-12 19:19:19,489 [Worker-95: Launching Main] INFO  o.a.m.s.f.DefaultMavenResourcesFiltering - skip non existing resourceDirectory C:\Users\hbui3\OneDrive\Desktop\Java-prj\Todo-cli\TodoList-cli\src\test\resources
2025-08-12 19:21:37,515 [Worker-95: Launching Main] WARN  o.a.m.s.f.DefaultMavenResourcesFiltering - Using platform encoding (UTF-8 actually) to copy filtered resources, i.e. build is platform dependent!
2025-08-12 19:21:37,518 [Worker-95: Launching Main] INFO  o.a.m.s.f.DefaultMavenResourcesFiltering - Copying 4 resources from src to target\classes
2025-08-12 19:21:37,521 [Worker-95: Launching Main] WARN  o.a.m.s.f.DefaultMavenResourcesFiltering - Using platform encoding (UTF-8 actually) to copy filtered resources, i.e. build is platform dependent!
2025-08-12 19:21:37,522 [Worker-95: Launching Main] INFO  o.a.m.s.f.DefaultMavenResourcesFiltering - skip non existing resourceDirectory C:\Users\hbui3\OneDrive\Desktop\Java-prj\Todo-cli\TodoList-cli\src\test\resources
2025-08-12 19:22:26,646 [Worker-95: Launching Main] WARN  o.a.m.s.f.DefaultMavenResourcesFiltering - Using platform encoding (UTF-8 actually) to copy filtered resources, i.e. build is platform dependent!
2025-08-12 19:22:26,650 [Worker-95: Launching Main] INFO  o.a.m.s.f.DefaultMavenResourcesFiltering - Copying 4 resources from src to target\classes
2025-08-12 19:22:26,654 [Worker-95: Launching Main] WARN  o.a.m.s.f.DefaultMavenResourcesFiltering - Using platform encoding (UTF-8 actually) to copy filtered resources, i.e. build is platform dependent!
2025-08-12 19:22:26,655 [Worker-95: Launching Main] INFO  o.a.m.s.f.DefaultMavenResourcesFiltering - skip non existing resourceDirectory C:\Users\hbui3\OneDrive\Desktop\Java-prj\Todo-cli\TodoList-cli\src\test\resources
2025-08-12 19:23:22,966 [Worker-97: Launching Main] WARN  o.a.m.s.f.DefaultMavenResourcesFiltering - Using platform encoding (UTF-8 actually) to copy filtered resources, i.e. build is platform dependent!
2025-08-12 19:23:22,968 [Worker-97: Launching Main] INFO  o.a.m.s.f.DefaultMavenResourcesFiltering - Copying 4 resources from src to target\classes
2025-08-12 19:23:22,987 [Worker-97: Launching Main] WARN  o.a.m.s.f.DefaultMavenResourcesFiltering - Using platform encoding (UTF-8 actually) to copy filtered resources, i.e. build is platform dependent!
2025-08-12 19:23:22,988 [Worker-97: Launching Main] INFO  o.a.m.s.f.DefaultMavenResourcesFiltering - skip non existing resourceDirectory C:\Users\hbui3\OneDrive\Desktop\Java-prj\Todo-cli\TodoList-cli\src\test\resources
2025-08-12 19:24:52,903 [Worker-94: Launching Main] WARN  o.a.m.s.f.DefaultMavenResourcesFiltering - Using platform encoding (UTF-8 actually) to copy filtered resources, i.e. build is platform dependent!
2025-08-12 19:24:52,906 [Worker-94: Launching Main] INFO  o.a.m.s.f.DefaultMavenResourcesFiltering - Copying 4 resources from src to target\classes
2025-08-12 19:24:52,910 [Worker-94: Launching Main] WARN  o.a.m.s.f.DefaultMavenResourcesFiltering - Using platform encoding (UTF-8 actually) to copy filtered resources, i.e. build is platform dependent!
2025-08-12 19:24:52,912 [Worker-94: Launching Main] INFO  o.a.m.s.f.DefaultMavenResourcesFiltering - skip non existing resourceDirectory C:\Users\hbui3\OneDrive\Desktop\Java-prj\Todo-cli\TodoList-cli\src\test\resources
2025-08-12 19:27:55,457 [Worker-94: Building] WARN  o.a.m.s.f.DefaultMavenResourcesFiltering - Using platform encoding (UTF-8 actually) to copy filtered resources, i.e. build is platform dependent!
2025-08-12 19:27:55,459 [Worker-94: Building] INFO  o.a.m.s.f.DefaultMavenResourcesFiltering - Copying 4 resources from src to target\classes
2025-08-12 19:27:55,463 [Worker-94: Building] WARN  o.a.m.s.f.DefaultMavenResourcesFiltering - Using platform encoding (UTF-8 actually) to copy filtered resources, i.e. build is platform dependent!
2025-08-12 19:27:55,463 [Worker-94: Building] INFO  o.a.m.s.f.DefaultMavenResourcesFiltering - skip non existing resourceDirectory C:\Users\hbui3\OneDrive\Desktop\Java-prj\Todo-cli\TodoList-cli\src\test\resources
2025-08-12 19:29:14,301 [Worker-95: Launching Main] WARN  o.a.m.s.f.DefaultMavenResourcesFiltering - Using platform encoding (UTF-8 actually) to copy filtered resources, i.e. build is platform dependent!
2025-08-12 19:29:14,304 [Worker-95: Launching Main] INFO  o.a.m.s.f.DefaultMavenResourcesFiltering - Copying 4 resources from src to target\classes
2025-08-12 19:29:14,308 [Worker-95: Launching Main] WARN  o.a.m.s.f.DefaultMavenResourcesFiltering - Using platform encoding (UTF-8 actually) to copy filtered resources, i.e. build is platform dependent!
2025-08-12 19:29:14,309 [Worker-95: Launching Main] INFO  o.a.m.s.f.DefaultMavenResourcesFiltering - skip non existing resourceDirectory C:\Users\hbui3\OneDrive\Desktop\Java-prj\Todo-cli\TodoList-cli\src\test\resources
2025-08-12 19:31:52,815 [Worker-93: Launching Main] WARN  o.a.m.s.f.DefaultMavenResourcesFiltering - Using platform encoding (UTF-8 actually) to copy filtered resources, i.e. build is platform dependent!
2025-08-12 19:31:52,818 [Worker-93: Launching Main] INFO  o.a.m.s.f.DefaultMavenResourcesFiltering - Copying 4 resources from src to target\classes
2025-08-12 19:31:52,822 [Worker-93: Launching Main] WARN  o.a.m.s.f.DefaultMavenResourcesFiltering - Using platform encoding (UTF-8 actually) to copy filtered resources, i.e. build is platform dependent!
2025-08-12 19:31:52,823 [Worker-93: Launching Main] INFO  o.a.m.s.f.DefaultMavenResourcesFiltering - skip non existing resourceDirectory C:\Users\hbui3\OneDrive\Desktop\Java-prj\Todo-cli\TodoList-cli\src\test\resources
2025-08-12 19:33:49,569 [Worker-94: Launching Main] WARN  o.a.m.s.f.DefaultMavenResourcesFiltering - Using platform encoding (UTF-8 actually) to copy filtered resources, i.e. build is platform dependent!
2025-08-12 19:33:49,572 [Worker-94: Launching Main] INFO  o.a.m.s.f.DefaultMavenResourcesFiltering - Copying 4 resources from src to target\classes
2025-08-12 19:33:49,575 [Worker-94: Launching Main] WARN  o.a.m.s.f.DefaultMavenResourcesFiltering - Using platform encoding (UTF-8 actually) to copy filtered resources, i.e. build is platform dependent!
2025-08-12 19:33:49,575 [Worker-94: Launching Main] INFO  o.a.m.s.f.DefaultMavenResourcesFiltering - skip non existing resourceDirectory C:\Users\hbui3\OneDrive\Desktop\Java-prj\Todo-cli\TodoList-cli\src\test\resources
2025-08-12 19:34:29,516 [Worker-96: Launching Main] WARN  o.a.m.s.f.DefaultMavenResourcesFiltering - Using platform encoding (UTF-8 actually) to copy filtered resources, i.e. build is platform dependent!
2025-08-12 19:34:29,519 [Worker-96: Launching Main] INFO  o.a.m.s.f.DefaultMavenResourcesFiltering - Copying 4 resources from src to target\classes
2025-08-12 19:34:29,522 [Worker-96: Launching Main] WARN  o.a.m.s.f.DefaultMavenResourcesFiltering - Using platform encoding (UTF-8 actually) to copy filtered resources, i.e. build is platform dependent!
2025-08-12 19:34:29,523 [Worker-96: Launching Main] INFO  o.a.m.s.f.DefaultMavenResourcesFiltering - skip non existing resourceDirectory C:\Users\hbui3\OneDrive\Desktop\Java-prj\Todo-cli\TodoList-cli\src\test\resources
2025-08-12 19:35:44,748 [Worker-84: Launching Main] WARN  o.a.m.s.f.DefaultMavenResourcesFiltering - Using platform encoding (UTF-8 actually) to copy filtered resources, i.e. build is platform dependent!
2025-08-12 19:35:44,751 [Worker-84: Launching Main] INFO  o.a.m.s.f.DefaultMavenResourcesFiltering - Copying 1 resource from src to target\classes
2025-08-12 19:35:44,756 [Worker-84: Launching Main] WARN  o.a.m.s.f.DefaultMavenResourcesFiltering - Using platform encoding (UTF-8 actually) to copy filtered resources, i.e. build is platform dependent!
2025-08-12 19:35:44,756 [Worker-84: Launching Main] INFO  o.a.m.s.f.DefaultMavenResourcesFiltering - skip non existing resourceDirectory C:\Users\hbui3\OneDrive\Desktop\Java-prj\Todo-cli\TodoList-cli\src\test\resources
2025-08-12 19:37:59,070 [Worker-94: Launching Main] WARN  o.a.m.s.f.DefaultMavenResourcesFiltering - Using platform encoding (UTF-8 actually) to copy filtered resources, i.e. build is platform dependent!
2025-08-12 19:37:59,073 [Worker-94: Launching Main] INFO  o.a.m.s.f.DefaultMavenResourcesFiltering - Copying 4 resources from src to target\classes
2025-08-12 19:37:59,076 [Worker-94: Launching Main] WARN  o.a.m.s.f.DefaultMavenResourcesFiltering - Using platform encoding (UTF-8 actually) to copy filtered resources, i.e. build is platform dependent!
2025-08-12 19:37:59,078 [Worker-94: Launching Main] INFO  o.a.m.s.f.DefaultMavenResourcesFiltering - skip non existing resourceDirectory C:\Users\hbui3\OneDrive\Desktop\Java-prj\Todo-cli\TodoList-cli\src\test\resources
2025-08-12 19:38:44,122 [Worker-93: Launching Main] WARN  o.a.m.s.f.DefaultMavenResourcesFiltering - Using platform encoding (UTF-8 actually) to copy filtered resources, i.e. build is platform dependent!
2025-08-12 19:38:44,126 [Worker-93: Launching Main] INFO  o.a.m.s.f.DefaultMavenResourcesFiltering - Copying 4 resources from src to target\classes
2025-08-12 19:38:44,129 [Worker-93: Launching Main] WARN  o.a.m.s.f.DefaultMavenResourcesFiltering - Using platform encoding (UTF-8 actually) to copy filtered resources, i.e. build is platform dependent!
2025-08-12 19:38:44,129 [Worker-93: Launching Main] INFO  o.a.m.s.f.DefaultMavenResourcesFiltering - skip non existing resourceDirectory C:\Users\hbui3\OneDrive\Desktop\Java-prj\Todo-cli\TodoList-cli\src\test\resources
2025-08-12 19:41:51,435 [Worker-78: Launching Main] WARN  o.a.m.s.f.DefaultMavenResourcesFiltering - Using platform encoding (UTF-8 actually) to copy filtered resources, i.e. build is platform dependent!
2025-08-12 19:41:51,437 [Worker-78: Launching Main] INFO  o.a.m.s.f.DefaultMavenResourcesFiltering - Copying 4 resources from src to target\classes
2025-08-12 19:41:51,472 [Worker-78: Launching Main] WARN  o.a.m.s.f.DefaultMavenResourcesFiltering - Using platform encoding (UTF-8 actually) to copy filtered resources, i.e. build is platform dependent!
2025-08-12 19:41:51,475 [Worker-78: Launching Main] INFO  o.a.m.s.f.DefaultMavenResourcesFiltering - skip non existing resourceDirectory C:\Users\hbui3\OneDrive\Desktop\Java-prj\Todo-cli\TodoList-cli\src\test\resources
2025-08-12 19:43:37,038 [Worker-78: Building] WARN  o.a.m.s.f.DefaultMavenResourcesFiltering - Using platform encoding (UTF-8 actually) to copy filtered resources, i.e. build is platform dependent!
2025-08-12 19:43:37,041 [Worker-78: Building] INFO  o.a.m.s.f.DefaultMavenResourcesFiltering - Copying 0 resource from src to target\classes
2025-08-12 19:43:37,042 [Worker-78: Building] WARN  o.a.m.s.f.DefaultMavenResourcesFiltering - Using platform encoding (UTF-8 actually) to copy filtered resources, i.e. build is platform dependent!
2025-08-12 19:43:37,043 [Worker-78: Building] INFO  o.a.m.s.f.DefaultMavenResourcesFiltering - skip non existing resourceDirectory C:\Users\hbui3\OneDrive\Desktop\Java-prj\Todo-cli\TodoList-cli\src\test\resources
2025-08-12 19:47:07,814 [Worker-93: Launching Main] WARN  o.a.m.s.f.DefaultMavenResourcesFiltering - Using platform encoding (UTF-8 actually) to copy filtered resources, i.e. build is platform dependent!
2025-08-12 19:47:07,816 [Worker-93: Launching Main] INFO  o.a.m.s.f.DefaultMavenResourcesFiltering - Copying 4 resources from src to target\classes
2025-08-12 19:47:07,820 [Worker-93: Launching Main] WARN  o.a.m.s.f.DefaultMavenResourcesFiltering - Using platform encoding (UTF-8 actually) to copy filtered resources, i.e. build is platform dependent!
2025-08-12 19:47:07,821 [Worker-93: Launching Main] INFO  o.a.m.s.f.DefaultMavenResourcesFiltering - skip non existing resourceDirectory C:\Users\hbui3\OneDrive\Desktop\Java-prj\Todo-cli\TodoList-cli\src\test\resources
2025-08-12 19:48:13,179 [Worker-97: Building] WARN  o.a.m.s.f.DefaultMavenResourcesFiltering - Using platform encoding (UTF-8 actually) to copy filtered resources, i.e. build is platform dependent!
2025-08-12 19:48:13,181 [Worker-97: Building] INFO  o.a.m.s.f.DefaultMavenResourcesFiltering - Copying 0 resource from src to target\classes
2025-08-12 19:48:13,183 [Worker-97: Building] WARN  o.a.m.s.f.DefaultMavenResourcesFiltering - Using platform encoding (UTF-8 actually) to copy filtered resources, i.e. build is platform dependent!
2025-08-12 19:48:13,184 [Worker-97: Building] INFO  o.a.m.s.f.DefaultMavenResourcesFiltering - skip non existing resourceDirectory C:\Users\hbui3\OneDrive\Desktop\Java-prj\Todo-cli\TodoList-cli\src\test\resources
2025-08-12 19:48:50,426 [ModalContext] WARN  o.a.m.s.f.DefaultMavenResourcesFiltering - Using platform encoding (UTF-8 actually) to copy filtered resources, i.e. build is platform dependent!
2025-08-12 19:48:50,428 [ModalContext] INFO  o.a.m.s.f.DefaultMavenResourcesFiltering - Copying 4 resources from src to target\classes
2025-08-12 19:48:50,433 [ModalContext] WARN  o.a.m.s.f.DefaultMavenResourcesFiltering - Using platform encoding (UTF-8 actually) to copy filtered resources, i.e. build is platform dependent!
2025-08-12 19:48:50,434 [ModalContext] INFO  o.a.m.s.f.DefaultMavenResourcesFiltering - skip non existing resourceDirectory C:\Users\hbui3\OneDrive\Desktop\Java-prj\Todo-cli\TodoList-cli\src\test\resources
2025-08-12 19:48:50,939 [Worker-93: Building] WARN  o.a.m.s.f.DefaultMavenResourcesFiltering - Using platform encoding (UTF-8 actually) to copy filtered resources, i.e. build is platform dependent!
2025-08-12 19:48:50,941 [Worker-93: Building] INFO  o.a.m.s.f.DefaultMavenResourcesFiltering - Copying 0 resource from src to target\classes
2025-08-12 19:48:50,942 [Worker-93: Building] WARN  o.a.m.s.f.DefaultMavenResourcesFiltering - Using platform encoding (UTF-8 actually) to copy filtered resources, i.e. build is platform dependent!
2025-08-12 19:48:50,943 [Worker-93: Building] INFO  o.a.m.s.f.DefaultMavenResourcesFiltering - skip non existing resourceDirectory C:\Users\hbui3\OneDrive\Desktop\Java-prj\Todo-cli\TodoList-cli\src\test\resources
2025-08-13 20:43:46,962 [Worker-7: Loading available Gradle versions] INFO  o.e.b.c.i.u.g.PublishedGradleVersions - Gradle version information cache is out-of-date. Trying to update.
2025-08-13 20:46:54,195 [Worker-17: Launching Main] WARN  o.a.m.s.f.DefaultMavenResourcesFiltering - Using platform encoding (UTF-8 actually) to copy filtered resources, i.e. build is platform dependent!
2025-08-13 20:46:54,201 [Worker-17: Launching Main] INFO  o.a.m.s.f.DefaultMavenResourcesFiltering - Copying 4 resources from src to target\classes
2025-08-13 20:46:54,209 [Worker-17: Launching Main] WARN  o.a.m.s.f.DefaultMavenResourcesFiltering - Using platform encoding (UTF-8 actually) to copy filtered resources, i.e. build is platform dependent!
2025-08-13 20:46:54,210 [Worker-17: Launching Main] INFO  o.a.m.s.f.DefaultMavenResourcesFiltering - skip non existing resourceDirectory C:\Users\hbui3\OneDrive\Desktop\Java-prj\Todo-cli\TodoList-cli\src\test\resources
2025-08-13 20:48:11,362 [Worker-12: Building] WARN  o.a.m.s.f.DefaultMavenResourcesFiltering - Using platform encoding (UTF-8 actually) to copy filtered resources, i.e. build is platform dependent!
2025-08-13 20:48:11,366 [Worker-12: Building] INFO  o.a.m.s.f.DefaultMavenResourcesFiltering - Copying 4 resources from src to target\classes
2025-08-13 20:48:11,373 [Worker-12: Building] WARN  o.a.m.s.f.DefaultMavenResourcesFiltering - Using platform encoding (UTF-8 actually) to copy filtered resources, i.e. build is platform dependent!
2025-08-13 20:48:11,374 [Worker-12: Building] INFO  o.a.m.s.f.DefaultMavenResourcesFiltering - skip non existing resourceDirectory C:\Users\hbui3\OneDrive\Desktop\Java-prj\Todo-cli\TodoList-cli\src\test\resources
2025-08-13 20:51:32,505 [Worker-7: Loading available Gradle versions] INFO  o.e.b.c.i.u.g.PublishedGradleVersions - Gradle version information cache is up-to-date. Trying to read.
2025-08-13 20:52:51,071 [Worker-30: Building] WARN  o.a.m.s.f.DefaultMavenResourcesFiltering - Using platform encoding (UTF-8 actually) to copy filtered resources, i.e. build is platform dependent!
2025-08-13 20:52:51,080 [Worker-30: Building] INFO  o.a.m.s.f.DefaultMavenResourcesFiltering - Copying 4 resources from src to target\classes
2025-08-13 20:52:51,090 [Worker-30: Building] WARN  o.a.m.s.f.DefaultMavenResourcesFiltering - Using platform encoding (UTF-8 actually) to copy filtered resources, i.e. build is platform dependent!
2025-08-13 20:52:51,091 [Worker-30: Building] INFO  o.a.m.s.f.DefaultMavenResourcesFiltering - skip non existing resourceDirectory C:\Users\hbui3\OneDrive\Desktop\Java-prj\Todo-cli\TodoList-cli\src\test\resources
2025-08-14 13:01:52,490 [Worker-5: Loading available Gradle versions] INFO  o.e.b.c.i.u.g.PublishedGradleVersions - Gradle version information cache is up-to-date. Trying to read.
2025-08-14 13:02:05,399 [Worker-1: Launching Main] WARN  o.a.m.s.f.DefaultMavenResourcesFiltering - Using platform encoding (UTF-8 actually) to copy filtered resources, i.e. build is platform dependent!
2025-08-14 13:02:05,405 [Worker-1: Launching Main] INFO  o.a.m.s.f.DefaultMavenResourcesFiltering - Copying 4 resources from src to target\classes
2025-08-14 13:02:05,417 [Worker-1: Launching Main] WARN  o.a.m.s.f.DefaultMavenResourcesFiltering - Using platform encoding (UTF-8 actually) to copy filtered resources, i.e. build is platform dependent!
2025-08-14 13:02:05,418 [Worker-1: Launching Main] INFO  o.a.m.s.f.DefaultMavenResourcesFiltering - skip non existing resourceDirectory C:\Users\hbui3\OneDrive\Desktop\Java-prj\Todo-cli\TodoList-cli\src\test\resources
2025-08-14 13:05:33,258 [Worker-8: Building] WARN  o.a.m.s.f.DefaultMavenResourcesFiltering - Using platform encoding (UTF-8 actually) to copy filtered resources, i.e. build is platform dependent!
2025-08-14 13:05:33,265 [Worker-8: Building] INFO  o.a.m.s.f.DefaultMavenResourcesFiltering - Copying 1 resource from src to target\classes
2025-08-14 13:05:33,273 [Worker-8: Building] WARN  o.a.m.s.f.DefaultMavenResourcesFiltering - Using platform encoding (UTF-8 actually) to copy filtered resources, i.e. build is platform dependent!
2025-08-14 13:05:33,274 [Worker-8: Building] INFO  o.a.m.s.f.DefaultMavenResourcesFiltering - skip non existing resourceDirectory C:\Users\hbui3\OneDrive\Desktop\Java-prj\Todo-cli\TodoList-cli\src\test\resources
2025-08-14 19:31:18,746 [Worker-2: Loading available Gradle versions] INFO  o.e.b.c.i.u.g.PublishedGradleVersions - Gradle version information cache is up-to-date. Trying to read.
2025-08-14 19:32:44,858 [Worker-19: Launching Main] WARN  o.a.m.s.f.DefaultMavenResourcesFiltering - Using platform encoding (UTF-8 actually) to copy filtered resources, i.e. build is platform dependent!
2025-08-14 19:32:44,864 [Worker-19: Launching Main] INFO  o.a.m.s.f.DefaultMavenResourcesFiltering - Copying 4 resources from src to target\classes
2025-08-14 19:32:44,873 [Worker-19: Launching Main] WARN  o.a.m.s.f.DefaultMavenResourcesFiltering - Using platform encoding (UTF-8 actually) to copy filtered resources, i.e. build is platform dependent!
2025-08-14 19:32:44,874 [Worker-19: Launching Main] INFO  o.a.m.s.f.DefaultMavenResourcesFiltering - skip non existing resourceDirectory C:\Users\hbui3\OneDrive\Desktop\Java-prj\Todo-cli\TodoList-cli\src\test\resources
2025-08-14 19:34:18,816 [Worker-10: Launching Main] WARN  o.a.m.s.f.DefaultMavenResourcesFiltering - Using platform encoding (UTF-8 actually) to copy filtered resources, i.e. build is platform dependent!
2025-08-14 19:34:18,819 [Worker-10: Launching Main] INFO  o.a.m.s.f.DefaultMavenResourcesFiltering - Copying 4 resources from src to target\classes
2025-08-14 19:34:18,826 [Worker-10: Launching Main] WARN  o.a.m.s.f.DefaultMavenResourcesFiltering - Using platform encoding (UTF-8 actually) to copy filtered resources, i.e. build is platform dependent!
2025-08-14 19:34:18,827 [Worker-10: Launching Main] INFO  o.a.m.s.f.DefaultMavenResourcesFiltering - skip non existing resourceDirectory C:\Users\hbui3\OneDrive\Desktop\Java-prj\Todo-cli\TodoList-cli\src\test\resources
2025-08-14 19:36:39,046 [Worker-19: Launching Main] WARN  o.a.m.s.f.DefaultMavenResourcesFiltering - Using platform encoding (UTF-8 actually) to copy filtered resources, i.e. build is platform dependent!
2025-08-14 19:36:39,050 [Worker-19: Launching Main] INFO  o.a.m.s.f.DefaultMavenResourcesFiltering - Copying 4 resources from src to target\classes
2025-08-14 19:36:39,055 [Worker-19: Launching Main] WARN  o.a.m.s.f.DefaultMavenResourcesFiltering - Using platform encoding (UTF-8 actually) to copy filtered resources, i.e. build is platform dependent!
2025-08-14 19:36:39,057 [Worker-19: Launching Main] INFO  o.a.m.s.f.DefaultMavenResourcesFiltering - skip non existing resourceDirectory C:\Users\hbui3\OneDrive\Desktop\Java-prj\Todo-cli\TodoList-cli\src\test\resources
2025-08-14 19:39:22,196 [main] INFO  o.e.m.jdt.internal.UnitTestSupport - Updating New_configuration from maven configuration
2025-08-14 19:44:39,933 [Worker-38: Building] WARN  o.a.m.s.f.DefaultMavenResourcesFiltering - Using platform encoding (UTF-8 actually) to copy filtered resources, i.e. build is platform dependent!
2025-08-14 19:44:39,936 [Worker-38: Building] INFO  o.a.m.s.f.DefaultMavenResourcesFiltering - Copying 4 resources from src to target\classes
2025-08-14 19:44:39,942 [Worker-38: Building] WARN  o.a.m.s.f.DefaultMavenResourcesFiltering - Using platform encoding (UTF-8 actually) to copy filtered resources, i.e. build is platform dependent!
2025-08-14 19:44:39,944 [Worker-38: Building] INFO  o.a.m.s.f.DefaultMavenResourcesFiltering - skip non existing resourceDirectory C:\Users\hbui3\OneDrive\Desktop\Java-prj\Todo-cli\TodoList-cli\src\test\resources
2025-08-14 19:46:28,486 [Worker-14: Building] WARN  o.a.m.s.f.DefaultMavenResourcesFiltering - Using platform encoding (UTF-8 actually) to copy filtered resources, i.e. build is platform dependent!
2025-08-14 19:46:28,489 [Worker-14: Building] INFO  o.a.m.s.f.DefaultMavenResourcesFiltering - Copying 4 resources from src to target\classes
2025-08-14 19:46:28,493 [Worker-14: Building] WARN  o.a.m.s.f.DefaultMavenResourcesFiltering - Using platform encoding (UTF-8 actually) to copy filtered resources, i.e. build is platform dependent!
2025-08-14 19:46:28,494 [Worker-14: Building] INFO  o.a.m.s.f.DefaultMavenResourcesFiltering - skip non existing resourceDirectory C:\Users\hbui3\OneDrive\Desktop\Java-prj\Todo-cli\TodoList-cli\src\test\resources
2025-08-14 19:46:56,289 [Worker-28: Launching Main] WARN  o.a.m.s.f.DefaultMavenResourcesFiltering - Using platform encoding (UTF-8 actually) to copy filtered resources, i.e. build is platform dependent!
2025-08-14 19:46:56,292 [Worker-28: Launching Main] INFO  o.a.m.s.f.DefaultMavenResourcesFiltering - Copying 4 resources from src to target\classes
2025-08-14 19:46:56,295 [Worker-28: Launching Main] WARN  o.a.m.s.f.DefaultMavenResourcesFiltering - Using platform encoding (UTF-8 actually) to copy filtered resources, i.e. build is platform dependent!
2025-08-14 19:46:56,296 [Worker-28: Launching Main] INFO  o.a.m.s.f.DefaultMavenResourcesFiltering - skip non existing resourceDirectory C:\Users\hbui3\OneDrive\Desktop\Java-prj\Todo-cli\TodoList-cli\src\test\resources
2025-08-14 19:47:31,396 [Worker-39: Launching Main] WARN  o.a.m.s.f.DefaultMavenResourcesFiltering - Using platform encoding (UTF-8 actually) to copy filtered resources, i.e. build is platform dependent!
2025-08-14 19:47:31,399 [Worker-39: Launching Main] INFO  o.a.m.s.f.DefaultMavenResourcesFiltering - Copying 4 resources from src to target\classes
2025-08-14 19:47:31,403 [Worker-39: Launching Main] WARN  o.a.m.s.f.DefaultMavenResourcesFiltering - Using platform encoding (UTF-8 actually) to copy filtered resources, i.e. build is platform dependent!
2025-08-14 19:47:31,404 [Worker-39: Launching Main] INFO  o.a.m.s.f.DefaultMavenResourcesFiltering - skip non existing resourceDirectory C:\Users\hbui3\OneDrive\Desktop\Java-prj\Todo-cli\TodoList-cli\src\test\resources
2025-08-14 19:55:39,002 [Worker-42: Building] WARN  o.a.m.s.f.DefaultMavenResourcesFiltering - Using platform encoding (UTF-8 actually) to copy filtered resources, i.e. build is platform dependent!
2025-08-14 19:55:39,005 [Worker-42: Building] INFO  o.a.m.s.f.DefaultMavenResourcesFiltering - Copying 0 resource from src to target\classes
2025-08-14 19:55:39,007 [Worker-42: Building] WARN  o.a.m.s.f.DefaultMavenResourcesFiltering - Using platform encoding (UTF-8 actually) to copy filtered resources, i.e. build is platform dependent!
2025-08-14 19:55:39,008 [Worker-42: Building] INFO  o.a.m.s.f.DefaultMavenResourcesFiltering - skip non existing resourceDirectory C:\Users\hbui3\OneDrive\Desktop\Java-prj\Todo-cli\TodoList-cli\src\test\resources
2025-08-14 20:05:05,808 [main] INFO  o.e.m2e.actions.ExecutePomAction - Creating new launch configuration
2025-08-14 20:05:10,110 [Worker-45: Launching TodoList-cli] INFO  o.eclipse.m2e.core.internal.Bundles - getClasspathEntries(Bundle=org.eclipse.m2e.maven.runtime_3.9.900.20250220-2013 [299])
2025-08-14 20:05:10,112 [Worker-45: Launching TodoList-cli] INFO  o.eclipse.m2e.core.internal.Bundles - 	Entry: C:\Users\hbui3\.p2\pool\plugins\org.eclipse.m2e.maven.runtime_3.9.900.20250220-2013
2025-08-14 20:05:10,112 [Worker-45: Launching TodoList-cli] INFO  o.eclipse.m2e.core.internal.Bundles - 	Entry: C:\Users\hbui3\.p2\pool\plugins\org.eclipse.m2e.maven.runtime_3.9.900.20250220-2013\jars\aopalliance-1.0.jar
2025-08-14 20:05:10,112 [Worker-45: Launching TodoList-cli] INFO  o.eclipse.m2e.core.internal.Bundles - 	Entry: C:\Users\hbui3\.p2\pool\plugins\org.eclipse.m2e.maven.runtime_3.9.900.20250220-2013\jars\guice-5.1.0.jar
2025-08-14 20:05:10,112 [Worker-45: Launching TodoList-cli] INFO  o.eclipse.m2e.core.internal.Bundles - 	Entry: C:\Users\hbui3\.p2\pool\plugins\org.eclipse.m2e.maven.runtime_3.9.900.20250220-2013\jars\httpclient-4.5.14.jar
2025-08-14 20:05:10,112 [Worker-45: Launching TodoList-cli] INFO  o.eclipse.m2e.core.internal.Bundles - 	Entry: C:\Users\hbui3\.p2\pool\plugins\org.eclipse.m2e.maven.runtime_3.9.900.20250220-2013\jars\httpcore-4.4.16.jar
2025-08-14 20:05:10,112 [Worker-45: Launching TodoList-cli] INFO  o.eclipse.m2e.core.internal.Bundles - 	Entry: C:\Users\hbui3\.p2\pool\plugins\org.eclipse.m2e.maven.runtime_3.9.900.20250220-2013\jars\jansi-2.4.1.jar
2025-08-14 20:05:10,113 [Worker-45: Launching TodoList-cli] INFO  o.eclipse.m2e.core.internal.Bundles - 	Entry: C:\Users\hbui3\.p2\pool\plugins\org.eclipse.m2e.maven.runtime_3.9.900.20250220-2013\jars\jcl-over-slf4j-1.7.36.jar
2025-08-14 20:05:10,113 [Worker-45: Launching TodoList-cli] INFO  o.eclipse.m2e.core.internal.Bundles - 	Entry: C:\Users\hbui3\.p2\pool\plugins\org.eclipse.m2e.maven.runtime_3.9.900.20250220-2013\jars\maven-artifact-3.9.9.jar
2025-08-14 20:05:10,113 [Worker-45: Launching TodoList-cli] INFO  o.eclipse.m2e.core.internal.Bundles - 	Entry: C:\Users\hbui3\.p2\pool\plugins\org.eclipse.m2e.maven.runtime_3.9.900.20250220-2013\jars\maven-builder-support-3.9.9.jar
2025-08-14 20:05:10,113 [Worker-45: Launching TodoList-cli] INFO  o.eclipse.m2e.core.internal.Bundles - 	Entry: C:\Users\hbui3\.p2\pool\plugins\org.eclipse.m2e.maven.runtime_3.9.900.20250220-2013\jars\maven-compat-3.9.9.jar
2025-08-14 20:05:10,113 [Worker-45: Launching TodoList-cli] INFO  o.eclipse.m2e.core.internal.Bundles - 	Entry: C:\Users\hbui3\.p2\pool\plugins\org.eclipse.m2e.maven.runtime_3.9.900.20250220-2013\jars\maven-core-3.9.9.jar
2025-08-14 20:05:10,113 [Worker-45: Launching TodoList-cli] INFO  o.eclipse.m2e.core.internal.Bundles - 	Entry: C:\Users\hbui3\.p2\pool\plugins\org.eclipse.m2e.maven.runtime_3.9.900.20250220-2013\jars\maven-embedder-3.9.9.jar
2025-08-14 20:05:10,113 [Worker-45: Launching TodoList-cli] INFO  o.eclipse.m2e.core.internal.Bundles - 	Entry: C:\Users\hbui3\.p2\pool\plugins\org.eclipse.m2e.maven.runtime_3.9.900.20250220-2013\jars\maven-model-3.9.9.jar
2025-08-14 20:05:10,114 [Worker-45: Launching TodoList-cli] INFO  o.eclipse.m2e.core.internal.Bundles - 	Entry: C:\Users\hbui3\.p2\pool\plugins\org.eclipse.m2e.maven.runtime_3.9.900.20250220-2013\jars\maven-model-builder-3.9.9.jar
2025-08-14 20:05:10,114 [Worker-45: Launching TodoList-cli] INFO  o.eclipse.m2e.core.internal.Bundles - 	Entry: C:\Users\hbui3\.p2\pool\plugins\org.eclipse.m2e.maven.runtime_3.9.900.20250220-2013\jars\maven-plugin-api-3.9.9.jar
2025-08-14 20:05:10,114 [Worker-45: Launching TodoList-cli] INFO  o.eclipse.m2e.core.internal.Bundles - 	Entry: C:\Users\hbui3\.p2\pool\plugins\org.eclipse.m2e.maven.runtime_3.9.900.20250220-2013\jars\maven-repository-metadata-3.9.9.jar
2025-08-14 20:05:10,114 [Worker-45: Launching TodoList-cli] INFO  o.eclipse.m2e.core.internal.Bundles - 	Entry: C:\Users\hbui3\.p2\pool\plugins\org.eclipse.m2e.maven.runtime_3.9.900.20250220-2013\jars\maven-resolver-api-1.9.22.jar
2025-08-14 20:05:10,114 [Worker-45: Launching TodoList-cli] INFO  o.eclipse.m2e.core.internal.Bundles - 	Entry: C:\Users\hbui3\.p2\pool\plugins\org.eclipse.m2e.maven.runtime_3.9.900.20250220-2013\jars\maven-resolver-connector-basic-1.9.22.jar
2025-08-14 20:05:10,115 [Worker-45: Launching TodoList-cli] INFO  o.eclipse.m2e.core.internal.Bundles - 	Entry: C:\Users\hbui3\.p2\pool\plugins\org.eclipse.m2e.maven.runtime_3.9.900.20250220-2013\jars\maven-resolver-impl-1.9.22.jar
2025-08-14 20:05:10,115 [Worker-45: Launching TodoList-cli] INFO  o.eclipse.m2e.core.internal.Bundles - 	Entry: C:\Users\hbui3\.p2\pool\plugins\org.eclipse.m2e.maven.runtime_3.9.900.20250220-2013\jars\maven-resolver-named-locks-1.9.22.jar
2025-08-14 20:05:10,115 [Worker-45: Launching TodoList-cli] INFO  o.eclipse.m2e.core.internal.Bundles - 	Entry: C:\Users\hbui3\.p2\pool\plugins\org.eclipse.m2e.maven.runtime_3.9.900.20250220-2013\jars\maven-resolver-provider-3.9.9.jar
2025-08-14 20:05:10,115 [Worker-45: Launching TodoList-cli] INFO  o.eclipse.m2e.core.internal.Bundles - 	Entry: C:\Users\hbui3\.p2\pool\plugins\org.eclipse.m2e.maven.runtime_3.9.900.20250220-2013\jars\maven-resolver-spi-1.9.22.jar
2025-08-14 20:05:10,115 [Worker-45: Launching TodoList-cli] INFO  o.eclipse.m2e.core.internal.Bundles - 	Entry: C:\Users\hbui3\.p2\pool\plugins\org.eclipse.m2e.maven.runtime_3.9.900.20250220-2013\jars\maven-resolver-transport-file-1.9.22.jar
2025-08-14 20:05:10,115 [Worker-45: Launching TodoList-cli] INFO  o.eclipse.m2e.core.internal.Bundles - 	Entry: C:\Users\hbui3\.p2\pool\plugins\org.eclipse.m2e.maven.runtime_3.9.900.20250220-2013\jars\maven-resolver-transport-http-1.9.22.jar
2025-08-14 20:05:10,115 [Worker-45: Launching TodoList-cli] INFO  o.eclipse.m2e.core.internal.Bundles - 	Entry: C:\Users\hbui3\.p2\pool\plugins\org.eclipse.m2e.maven.runtime_3.9.900.20250220-2013\jars\maven-resolver-transport-wagon-1.9.22.jar
2025-08-14 20:05:10,115 [Worker-45: Launching TodoList-cli] INFO  o.eclipse.m2e.core.internal.Bundles - 	Entry: C:\Users\hbui3\.p2\pool\plugins\org.eclipse.m2e.maven.runtime_3.9.900.20250220-2013\jars\maven-resolver-util-1.9.22.jar
2025-08-14 20:05:10,116 [Worker-45: Launching TodoList-cli] INFO  o.eclipse.m2e.core.internal.Bundles - 	Entry: C:\Users\hbui3\.p2\pool\plugins\org.eclipse.m2e.maven.runtime_3.9.900.20250220-2013\jars\maven-settings-3.9.9.jar
2025-08-14 20:05:10,116 [Worker-45: Launching TodoList-cli] INFO  o.eclipse.m2e.core.internal.Bundles - 	Entry: C:\Users\hbui3\.p2\pool\plugins\org.eclipse.m2e.maven.runtime_3.9.900.20250220-2013\jars\maven-settings-builder-3.9.9.jar
2025-08-14 20:05:10,116 [Worker-45: Launching TodoList-cli] INFO  o.eclipse.m2e.core.internal.Bundles - 	Entry: C:\Users\hbui3\.p2\pool\plugins\org.eclipse.m2e.maven.runtime_3.9.900.20250220-2013\jars\maven-shared-utils-3.4.2.jar
2025-08-14 20:05:10,116 [Worker-45: Launching TodoList-cli] INFO  o.eclipse.m2e.core.internal.Bundles - 	Entry: C:\Users\hbui3\.p2\pool\plugins\org.eclipse.m2e.maven.runtime_3.9.900.20250220-2013\jars\org.eclipse.sisu.inject-0.9.0.M3.jar
2025-08-14 20:05:10,117 [Worker-45: Launching TodoList-cli] INFO  o.eclipse.m2e.core.internal.Bundles - 	Entry: C:\Users\hbui3\.p2\pool\plugins\org.eclipse.m2e.maven.runtime_3.9.900.20250220-2013\jars\org.eclipse.sisu.plexus-0.9.0.M3.jar
2025-08-14 20:05:10,117 [Worker-45: Launching TodoList-cli] INFO  o.eclipse.m2e.core.internal.Bundles - 	Entry: C:\Users\hbui3\.p2\pool\plugins\org.eclipse.m2e.maven.runtime_3.9.900.20250220-2013\jars\plexus-build-api-0.0.7.jar
2025-08-14 20:05:10,117 [Worker-45: Launching TodoList-cli] INFO  o.eclipse.m2e.core.internal.Bundles - 	Entry: C:\Users\hbui3\.p2\pool\plugins\org.eclipse.m2e.maven.runtime_3.9.900.20250220-2013\jars\plexus-build-api-1.2.0.jar
2025-08-14 20:05:10,118 [Worker-45: Launching TodoList-cli] INFO  o.eclipse.m2e.core.internal.Bundles - 	Entry: C:\Users\hbui3\.p2\pool\plugins\org.eclipse.m2e.maven.runtime_3.9.900.20250220-2013\jars\plexus-cipher-2.0.jar
2025-08-14 20:05:10,118 [Worker-45: Launching TodoList-cli] INFO  o.eclipse.m2e.core.internal.Bundles - 	Entry: C:\Users\hbui3\.p2\pool\plugins\org.eclipse.m2e.maven.runtime_3.9.900.20250220-2013\jars\plexus-classworlds-2.8.0.jar
2025-08-14 20:05:10,118 [Worker-45: Launching TodoList-cli] INFO  o.eclipse.m2e.core.internal.Bundles - 	Entry: C:\Users\hbui3\.p2\pool\plugins\org.eclipse.m2e.maven.runtime_3.9.900.20250220-2013\jars\plexus-component-annotations-2.1.0.jar
2025-08-14 20:05:10,118 [Worker-45: Launching TodoList-cli] INFO  o.eclipse.m2e.core.internal.Bundles - 	Entry: C:\Users\hbui3\.p2\pool\plugins\org.eclipse.m2e.maven.runtime_3.9.900.20250220-2013\jars\plexus-interpolation-1.27.jar
2025-08-14 20:05:10,118 [Worker-45: Launching TodoList-cli] INFO  o.eclipse.m2e.core.internal.Bundles - 	Entry: C:\Users\hbui3\.p2\pool\plugins\org.eclipse.m2e.maven.runtime_3.9.900.20250220-2013\jars\plexus-sec-dispatcher-2.0.jar
2025-08-14 20:05:10,118 [Worker-45: Launching TodoList-cli] INFO  o.eclipse.m2e.core.internal.Bundles - 	Entry: C:\Users\hbui3\.p2\pool\plugins\org.eclipse.m2e.maven.runtime_3.9.900.20250220-2013\jars\plexus-utils-3.5.1.jar
2025-08-14 20:05:10,118 [Worker-45: Launching TodoList-cli] INFO  o.eclipse.m2e.core.internal.Bundles - 	Entry: C:\Users\hbui3\.p2\pool\plugins\org.eclipse.m2e.maven.runtime_3.9.900.20250220-2013\jars\plexus-xml-3.0.1.jar
2025-08-14 20:05:10,119 [Worker-45: Launching TodoList-cli] INFO  o.eclipse.m2e.core.internal.Bundles - 	Entry: C:\Users\hbui3\.p2\pool\plugins\org.eclipse.m2e.maven.runtime_3.9.900.20250220-2013\jars\wagon-file-3.5.3.jar
2025-08-14 20:05:10,119 [Worker-45: Launching TodoList-cli] INFO  o.eclipse.m2e.core.internal.Bundles - 	Entry: C:\Users\hbui3\.p2\pool\plugins\org.eclipse.m2e.maven.runtime_3.9.900.20250220-2013\jars\wagon-http-3.5.3.jar
2025-08-14 20:05:10,119 [Worker-45: Launching TodoList-cli] INFO  o.eclipse.m2e.core.internal.Bundles - 	Entry: C:\Users\hbui3\.p2\pool\plugins\org.eclipse.m2e.maven.runtime_3.9.900.20250220-2013\jars\wagon-http-shared-3.5.3.jar
2025-08-14 20:05:10,119 [Worker-45: Launching TodoList-cli] INFO  o.eclipse.m2e.core.internal.Bundles - 	Entry: C:\Users\hbui3\.p2\pool\plugins\org.eclipse.m2e.maven.runtime_3.9.900.20250220-2013\jars\wagon-provider-api-3.5.3.jar
2025-08-14 20:05:10,121 [Worker-45: Launching TodoList-cli] INFO  o.eclipse.m2e.core.internal.Bundles - getClasspathEntries(Bundle=com.google.guava_33.4.8.jre [13])
2025-08-14 20:05:10,121 [Worker-45: Launching TodoList-cli] INFO  o.eclipse.m2e.core.internal.Bundles - 	Entry: C:\Users\hbui3\.p2\pool\plugins\com.google.guava_33.4.8.jre.jar
2025-08-14 20:05:10,121 [Worker-45: Launching TodoList-cli] INFO  o.eclipse.m2e.core.internal.Bundles - getClasspathEntries(Bundle=slf4j.api_2.0.17 [522])
2025-08-14 20:05:10,121 [Worker-45: Launching TodoList-cli] INFO  o.eclipse.m2e.core.internal.Bundles - 	Entry: C:\Users\hbui3\.p2\pool\plugins\slf4j.api_2.0.17.jar
2025-08-14 20:05:10,121 [Worker-45: Launching TodoList-cli] INFO  o.eclipse.m2e.core.internal.Bundles - getClasspathEntries(Bundle=jakarta.inject.jakarta.inject-api_1.0.5 [24])
2025-08-14 20:05:10,122 [Worker-45: Launching TodoList-cli] INFO  o.eclipse.m2e.core.internal.Bundles - 	Entry: C:\Users\hbui3\.p2\pool\plugins\jakarta.inject.jakarta.inject-api_1.0.5.jar
2025-08-14 20:05:10,122 [Worker-45: Launching TodoList-cli] INFO  o.eclipse.m2e.core.internal.Bundles - getClasspathEntries(Bundle=javax.annotation_1.3.5.v20200909-1856 [27])
2025-08-14 20:05:10,122 [Worker-45: Launching TodoList-cli] INFO  o.eclipse.m2e.core.internal.Bundles - 	Entry: C:\Users\hbui3\.p2\pool\plugins\javax.annotation_1.3.5.v20200909-1856.jar
2025-08-14 20:05:10,122 [Worker-45: Launching TodoList-cli] INFO  o.eclipse.m2e.core.internal.Bundles - getClasspathEntries(Bundle=org.apache.commons.cli_1.9.0 [49])
2025-08-14 20:05:10,122 [Worker-45: Launching TodoList-cli] INFO  o.eclipse.m2e.core.internal.Bundles - 	Entry: C:\Users\hbui3\.p2\pool\plugins\org.apache.commons.cli_1.9.0.jar
2025-08-14 20:05:10,122 [Worker-45: Launching TodoList-cli] INFO  o.eclipse.m2e.core.internal.Bundles - getClasspathEntries(Bundle=org.apache.commons.commons-codec_1.19.0 [553])
2025-08-14 20:05:10,123 [Worker-45: Launching TodoList-cli] INFO  o.eclipse.m2e.core.internal.Bundles - 	Entry: C:\Users\hbui3\.p2\pool\plugins\org.apache.commons.commons-codec_1.19.0.jar
2025-08-14 20:05:10,123 [Worker-45: Launching TodoList-cli] INFO  o.eclipse.m2e.core.internal.Bundles - getClasspathEntries(Bundle=com.google.guava.failureaccess_1.0.3 [14])
2025-08-14 20:05:10,123 [Worker-45: Launching TodoList-cli] INFO  o.eclipse.m2e.core.internal.Bundles - 	Entry: C:\Users\hbui3\.p2\pool\plugins\com.google.guava.failureaccess_1.0.3.jar
2025-08-14 20:05:10,125 [Worker-45: Launching TodoList-cli] INFO  o.e.m.i.launch.MavenLaunchDelegate - Run build in "C:\Users\hbui3\OneDrive\Desktop\Java-prj\Todo-cli\TodoList-cli":
2025-08-14 20:05:10,126 [Worker-45: Launching TodoList-cli] INFO  o.e.m.i.launch.MavenLaunchDelegate -  mvn  -B -Dstyle.color=always 
2025-08-14 20:05:10,825 [Worker-42: Building] INFO  o.e.m.c.i.e.AbstractTransferListenerAdapter - Downloading https://repo.maven.apache.org/maven2/org/apache/maven/plugins/maven-jar-plugin/3.2.2/maven-jar-plugin-3.2.2.jar
2025-08-14 20:05:11,171 [Worker-42: Building] INFO  o.e.m.c.i.e.AbstractTransferListenerAdapter - Downloaded https://repo.maven.apache.org/maven2/org/apache/maven/plugins/maven-jar-plugin/3.2.2/maven-jar-plugin-3.2.2.jar
2025-08-14 20:05:11,900 [Worker-42: Building] INFO  o.e.m.c.i.l.LifecycleMappingFactory - Using org.eclipse.m2e.jdt.JarLifecycleMapping lifecycle mapping for MavenProject: com.Cornelius:TodoList-cli:1.0.0 @ C:\Users\hbui3\OneDrive\Desktop\Java-prj\Todo-cli\TodoList-cli\pom.xml.
2025-08-14 20:05:12,822 [Worker-42: Building] INFO  o.e.m.c.i.e.AbstractTransferListenerAdapter - Downloading https://repo.maven.apache.org/maven2/org/apache/maven/plugins/maven-jar-plugin/3.2.2/maven-jar-plugin-3.2.2.pom
2025-08-14 20:05:12,845 [Worker-42: Building] INFO  o.e.m.c.i.e.AbstractTransferListenerAdapter - Downloaded https://repo.maven.apache.org/maven2/org/apache/maven/plugins/maven-jar-plugin/3.2.2/maven-jar-plugin-3.2.2.pom
2025-08-14 20:05:12,873 [Worker-42: Building] INFO  o.e.m.c.i.e.AbstractTransferListenerAdapter - Downloading https://repo.maven.apache.org/maven2/org/apache/maven/plugins/maven-plugins/34/maven-plugins-34.pom
2025-08-14 20:05:12,906 [Worker-42: Building] INFO  o.e.m.c.i.e.AbstractTransferListenerAdapter - Downloaded https://repo.maven.apache.org/maven2/org/apache/maven/plugins/maven-plugins/34/maven-plugins-34.pom
2025-08-14 20:05:13,021 [Worker-42: Building] WARN  o.a.m.s.f.DefaultMavenResourcesFiltering - Using platform encoding (UTF-8 actually) to copy filtered resources, i.e. build is platform dependent!
2025-08-14 20:05:13,026 [Worker-42: Building] INFO  o.a.m.s.f.DefaultMavenResourcesFiltering - Copying 0 resource from src to target\classes
2025-08-14 20:05:13,029 [Worker-42: Building] WARN  o.a.m.s.f.DefaultMavenResourcesFiltering - Using platform encoding (UTF-8 actually) to copy filtered resources, i.e. build is platform dependent!
2025-08-14 20:05:13,032 [Worker-42: Building] INFO  o.a.m.s.f.DefaultMavenResourcesFiltering - skip non existing resourceDirectory C:\Users\hbui3\OneDrive\Desktop\Java-prj\Todo-cli\TodoList-cli\src\test\resources
2025-08-14 20:05:13,059 [Worker-42: Building] INFO  o.e.m.c.i.e.AbstractTransferListenerAdapter - Downloading https://repo.maven.apache.org/maven2/org/apache/maven/maven-plugin-api/3.1.0/maven-plugin-api-3.1.0.pom
2025-08-14 20:05:13,085 [Worker-42: Building] INFO  o.e.m.c.i.e.AbstractTransferListenerAdapter - Downloaded https://repo.maven.apache.org/maven2/org/apache/maven/maven-plugin-api/3.1.0/maven-plugin-api-3.1.0.pom
2025-08-14 20:05:13,105 [Worker-42: Building] INFO  o.e.m.c.i.e.AbstractTransferListenerAdapter - Downloading https://repo.maven.apache.org/maven2/org/apache/maven/maven/3.1.0/maven-3.1.0.pom
2025-08-14 20:05:13,134 [Worker-42: Building] INFO  o.e.m.c.i.e.AbstractTransferListenerAdapter - Downloaded https://repo.maven.apache.org/maven2/org/apache/maven/maven/3.1.0/maven-3.1.0.pom
2025-08-14 20:05:13,164 [Worker-42: Building] INFO  o.e.m.c.i.e.AbstractTransferListenerAdapter - Downloading https://repo.maven.apache.org/maven2/org/apache/maven/maven-model/3.1.0/maven-model-3.1.0.pom
2025-08-14 20:05:13,188 [Worker-42: Building] INFO  o.e.m.c.i.e.AbstractTransferListenerAdapter - Downloaded https://repo.maven.apache.org/maven2/org/apache/maven/maven-model/3.1.0/maven-model-3.1.0.pom
2025-08-14 20:05:13,211 [Worker-42: Building] INFO  o.e.m.c.i.e.AbstractTransferListenerAdapter - Downloading https://repo.maven.apache.org/maven2/org/codehaus/plexus/plexus-utils/3.0.10/plexus-utils-3.0.10.pom
2025-08-14 20:05:13,237 [Worker-42: Building] INFO  o.e.m.c.i.e.AbstractTransferListenerAdapter - Downloaded https://repo.maven.apache.org/maven2/org/codehaus/plexus/plexus-utils/3.0.10/plexus-utils-3.0.10.pom
2025-08-14 20:05:13,259 [Worker-42: Building] INFO  o.e.m.c.i.e.AbstractTransferListenerAdapter - Downloading https://repo.maven.apache.org/maven2/org/codehaus/plexus/plexus/3.3/plexus-3.3.pom
2025-08-14 20:05:13,283 [Worker-42: Building] INFO  o.e.m.c.i.e.AbstractTransferListenerAdapter - Downloaded https://repo.maven.apache.org/maven2/org/codehaus/plexus/plexus/3.3/plexus-3.3.pom
2025-08-14 20:05:13,314 [Worker-42: Building] INFO  o.e.m.c.i.e.AbstractTransferListenerAdapter - Downloading https://repo.maven.apache.org/maven2/org/apache/maven/maven-artifact/3.1.0/maven-artifact-3.1.0.pom
2025-08-14 20:05:13,339 [Worker-42: Building] INFO  o.e.m.c.i.e.AbstractTransferListenerAdapter - Downloaded https://repo.maven.apache.org/maven2/org/apache/maven/maven-artifact/3.1.0/maven-artifact-3.1.0.pom
2025-08-14 20:05:13,362 [Worker-42: Building] INFO  o.e.m.c.i.e.AbstractTransferListenerAdapter - Downloading https://repo.maven.apache.org/maven2/org/eclipse/sisu/org.eclipse.sisu.plexus/0.0.0.M2a/org.eclipse.sisu.plexus-0.0.0.M2a.pom
2025-08-14 20:05:13,386 [Worker-42: Building] INFO  o.e.m.c.i.e.AbstractTransferListenerAdapter - Downloaded https://repo.maven.apache.org/maven2/org/eclipse/sisu/org.eclipse.sisu.plexus/0.0.0.M2a/org.eclipse.sisu.plexus-0.0.0.M2a.pom
2025-08-14 20:05:13,409 [Worker-42: Building] INFO  o.e.m.c.i.e.AbstractTransferListenerAdapter - Downloading https://repo.maven.apache.org/maven2/org/eclipse/sisu/sisu-plexus/0.0.0.M2a/sisu-plexus-0.0.0.M2a.pom
2025-08-14 20:05:13,435 [Worker-42: Building] INFO  o.e.m.c.i.e.AbstractTransferListenerAdapter - Downloaded https://repo.maven.apache.org/maven2/org/eclipse/sisu/sisu-plexus/0.0.0.M2a/sisu-plexus-0.0.0.M2a.pom
2025-08-14 20:05:13,454 [Worker-42: Building] INFO  o.e.m.c.i.e.AbstractTransferListenerAdapter - Downloading https://repo.maven.apache.org/maven2/javax/enterprise/cdi-api/1.0/cdi-api-1.0.pom
2025-08-14 20:05:13,479 [Worker-42: Building] INFO  o.e.m.c.i.e.AbstractTransferListenerAdapter - Downloaded https://repo.maven.apache.org/maven2/javax/enterprise/cdi-api/1.0/cdi-api-1.0.pom
2025-08-14 20:05:13,502 [Worker-42: Building] INFO  o.e.m.c.i.e.AbstractTransferListenerAdapter - Downloading https://repo.maven.apache.org/maven2/org/jboss/weld/weld-api-parent/1.0/weld-api-parent-1.0.pom
2025-08-14 20:05:13,526 [Worker-42: Building] INFO  o.e.m.c.i.e.AbstractTransferListenerAdapter - Downloaded https://repo.maven.apache.org/maven2/org/jboss/weld/weld-api-parent/1.0/weld-api-parent-1.0.pom
2025-08-14 20:05:13,549 [Worker-42: Building] INFO  o.e.m.c.i.e.AbstractTransferListenerAdapter - Downloading https://repo.maven.apache.org/maven2/org/jboss/weld/weld-api-bom/1.0/weld-api-bom-1.0.pom
2025-08-14 20:05:13,573 [Worker-42: Building] INFO  o.e.m.c.i.e.AbstractTransferListenerAdapter - Downloaded https://repo.maven.apache.org/maven2/org/jboss/weld/weld-api-bom/1.0/weld-api-bom-1.0.pom
2025-08-14 20:05:13,592 [Worker-42: Building] INFO  o.e.m.c.i.e.AbstractTransferListenerAdapter - Downloading https://repo.maven.apache.org/maven2/org/jboss/weld/weld-parent/6/weld-parent-6.pom
2025-08-14 20:05:13,622 [Worker-42: Building] INFO  o.e.m.c.i.e.AbstractTransferListenerAdapter - Downloaded https://repo.maven.apache.org/maven2/org/jboss/weld/weld-parent/6/weld-parent-6.pom
2025-08-14 20:05:13,652 [Worker-42: Building] INFO  o.e.m.c.i.e.AbstractTransferListenerAdapter - Downloading https://repo.maven.apache.org/maven2/javax/annotation/jsr250-api/1.0/jsr250-api-1.0.pom
2025-08-14 20:05:13,675 [Worker-42: Building] INFO  o.e.m.c.i.e.AbstractTransferListenerAdapter - Downloaded https://repo.maven.apache.org/maven2/javax/annotation/jsr250-api/1.0/jsr250-api-1.0.pom
2025-08-14 20:05:13,697 [Worker-42: Building] INFO  o.e.m.c.i.e.AbstractTransferListenerAdapter - Downloading https://repo.maven.apache.org/maven2/com/google/guava/guava/10.0.1/guava-10.0.1.pom
2025-08-14 20:05:13,722 [Worker-42: Building] INFO  o.e.m.c.i.e.AbstractTransferListenerAdapter - Downloaded https://repo.maven.apache.org/maven2/com/google/guava/guava/10.0.1/guava-10.0.1.pom
2025-08-14 20:05:13,751 [Worker-42: Building] INFO  o.e.m.c.i.e.AbstractTransferListenerAdapter - Downloading https://repo.maven.apache.org/maven2/com/google/guava/guava-parent/10.0.1/guava-parent-10.0.1.pom
2025-08-14 20:05:13,777 [Worker-42: Building] INFO  o.e.m.c.i.e.AbstractTransferListenerAdapter - Downloaded https://repo.maven.apache.org/maven2/com/google/guava/guava-parent/10.0.1/guava-parent-10.0.1.pom
2025-08-14 20:05:13,797 [Worker-42: Building] INFO  o.e.m.c.i.e.AbstractTransferListenerAdapter - Downloading https://repo.maven.apache.org/maven2/com/google/code/findbugs/jsr305/1.3.9/jsr305-1.3.9.pom
2025-08-14 20:05:13,820 [Worker-42: Building] INFO  o.e.m.c.i.e.AbstractTransferListenerAdapter - Downloaded https://repo.maven.apache.org/maven2/com/google/code/findbugs/jsr305/1.3.9/jsr305-1.3.9.pom
2025-08-14 20:05:13,841 [Worker-42: Building] INFO  o.e.m.c.i.e.AbstractTransferListenerAdapter - Downloading https://repo.maven.apache.org/maven2/org/sonatype/sisu/sisu-guice/3.1.0/sisu-guice-3.1.0.pom
2025-08-14 20:05:13,868 [Worker-42: Building] INFO  o.e.m.c.i.e.AbstractTransferListenerAdapter - Downloaded https://repo.maven.apache.org/maven2/org/sonatype/sisu/sisu-guice/3.1.0/sisu-guice-3.1.0.pom
2025-08-14 20:05:13,898 [Worker-42: Building] INFO  o.e.m.c.i.e.AbstractTransferListenerAdapter - Downloading https://repo.maven.apache.org/maven2/org/sonatype/sisu/inject/guice-parent/3.1.0/guice-parent-3.1.0.pom
2025-08-14 20:05:13,931 [Worker-42: Building] INFO  o.e.m.c.i.e.AbstractTransferListenerAdapter - Downloaded https://repo.maven.apache.org/maven2/org/sonatype/sisu/inject/guice-parent/3.1.0/guice-parent-3.1.0.pom
2025-08-14 20:05:13,977 [Worker-42: Building] INFO  o.e.m.c.i.e.AbstractTransferListenerAdapter - Downloading https://repo.maven.apache.org/maven2/org/eclipse/sisu/org.eclipse.sisu.inject/0.0.0.M2a/org.eclipse.sisu.inject-0.0.0.M2a.pom
2025-08-14 20:05:14,003 [Worker-42: Building] INFO  o.e.m.c.i.e.AbstractTransferListenerAdapter - Downloaded https://repo.maven.apache.org/maven2/org/eclipse/sisu/org.eclipse.sisu.inject/0.0.0.M2a/org.eclipse.sisu.inject-0.0.0.M2a.pom
2025-08-14 20:05:14,026 [Worker-42: Building] INFO  o.e.m.c.i.e.AbstractTransferListenerAdapter - Downloading https://repo.maven.apache.org/maven2/org/eclipse/sisu/sisu-inject/0.0.0.M2a/sisu-inject-0.0.0.M2a.pom
2025-08-14 20:05:14,054 [Worker-42: Building] INFO  o.e.m.c.i.e.AbstractTransferListenerAdapter - Downloaded https://repo.maven.apache.org/maven2/org/eclipse/sisu/sisu-inject/0.0.0.M2a/sisu-inject-0.0.0.M2a.pom
2025-08-14 20:05:14,077 [Worker-42: Building] INFO  o.e.m.c.i.e.AbstractTransferListenerAdapter - Downloading https://repo.maven.apache.org/maven2/asm/asm/3.3.1/asm-3.3.1.pom
2025-08-14 20:05:14,100 [Worker-42: Building] INFO  o.e.m.c.i.e.AbstractTransferListenerAdapter - Downloaded https://repo.maven.apache.org/maven2/asm/asm/3.3.1/asm-3.3.1.pom
2025-08-14 20:05:14,122 [Worker-42: Building] INFO  o.e.m.c.i.e.AbstractTransferListenerAdapter - Downloading https://repo.maven.apache.org/maven2/asm/asm-parent/3.3.1/asm-parent-3.3.1.pom
2025-08-14 20:05:14,149 [Worker-42: Building] INFO  o.e.m.c.i.e.AbstractTransferListenerAdapter - Downloaded https://repo.maven.apache.org/maven2/asm/asm-parent/3.3.1/asm-parent-3.3.1.pom
2025-08-14 20:05:14,168 [Worker-42: Building] INFO  o.e.m.c.i.e.AbstractTransferListenerAdapter - Downloading https://repo.maven.apache.org/maven2/org/codehaus/plexus/plexus-component-annotations/2.0.0/plexus-component-annotations-2.0.0.pom
2025-08-14 20:05:14,193 [Worker-42: Building] INFO  o.e.m.c.i.e.AbstractTransferListenerAdapter - Downloaded https://repo.maven.apache.org/maven2/org/codehaus/plexus/plexus-component-annotations/2.0.0/plexus-component-annotations-2.0.0.pom
2025-08-14 20:05:14,214 [Worker-42: Building] INFO  o.e.m.c.i.e.AbstractTransferListenerAdapter - Downloading https://repo.maven.apache.org/maven2/org/codehaus/plexus/plexus-containers/2.0.0/plexus-containers-2.0.0.pom
2025-08-14 20:05:14,237 [Worker-42: Building] INFO  o.e.m.c.i.e.AbstractTransferListenerAdapter - Downloaded https://repo.maven.apache.org/maven2/org/codehaus/plexus/plexus-containers/2.0.0/plexus-containers-2.0.0.pom
2025-08-14 20:05:14,259 [Worker-42: Building] INFO  o.e.m.c.i.e.AbstractTransferListenerAdapter - Downloading https://repo.maven.apache.org/maven2/org/codehaus/plexus/plexus-classworlds/2.4/plexus-classworlds-2.4.pom
2025-08-14 20:05:14,282 [Worker-42: Building] INFO  o.e.m.c.i.e.AbstractTransferListenerAdapter - Downloaded https://repo.maven.apache.org/maven2/org/codehaus/plexus/plexus-classworlds/2.4/plexus-classworlds-2.4.pom
2025-08-14 20:05:14,306 [Worker-42: Building] INFO  o.e.m.c.i.e.AbstractTransferListenerAdapter - Downloading https://repo.maven.apache.org/maven2/org/codehaus/plexus/plexus-utils/2.1/plexus-utils-2.1.pom
2025-08-14 20:05:14,334 [Worker-42: Building] INFO  o.e.m.c.i.e.AbstractTransferListenerAdapter - Downloaded https://repo.maven.apache.org/maven2/org/codehaus/plexus/plexus-utils/2.1/plexus-utils-2.1.pom
2025-08-14 20:05:14,353 [Worker-42: Building] INFO  o.e.m.c.i.e.AbstractTransferListenerAdapter - Downloading https://repo.maven.apache.org/maven2/org/sonatype/spice/spice-parent/16/spice-parent-16.pom
2025-08-14 20:05:14,378 [Worker-42: Building] INFO  o.e.m.c.i.e.AbstractTransferListenerAdapter - Downloaded https://repo.maven.apache.org/maven2/org/sonatype/spice/spice-parent/16/spice-parent-16.pom
2025-08-14 20:05:14,410 [Worker-42: Building] INFO  o.e.m.c.i.e.AbstractTransferListenerAdapter - Downloading https://repo.maven.apache.org/maven2/org/apache/maven/maven-core/3.1.0/maven-core-3.1.0.pom
2025-08-14 20:05:14,435 [Worker-42: Building] INFO  o.e.m.c.i.e.AbstractTransferListenerAdapter - Downloaded https://repo.maven.apache.org/maven2/org/apache/maven/maven-core/3.1.0/maven-core-3.1.0.pom
2025-08-14 20:05:14,460 [Worker-42: Building] INFO  o.e.m.c.i.e.AbstractTransferListenerAdapter - Downloading https://repo.maven.apache.org/maven2/org/apache/maven/maven-settings/3.1.0/maven-settings-3.1.0.pom
2025-08-14 20:05:14,483 [Worker-42: Building] INFO  o.e.m.c.i.e.AbstractTransferListenerAdapter - Downloaded https://repo.maven.apache.org/maven2/org/apache/maven/maven-settings/3.1.0/maven-settings-3.1.0.pom
2025-08-14 20:05:14,507 [Worker-42: Building] INFO  o.e.m.c.i.e.AbstractTransferListenerAdapter - Downloading https://repo.maven.apache.org/maven2/org/apache/maven/maven-settings-builder/3.1.0/maven-settings-builder-3.1.0.pom
2025-08-14 20:05:14,531 [Worker-42: Building] INFO  o.e.m.c.i.e.AbstractTransferListenerAdapter - Downloaded https://repo.maven.apache.org/maven2/org/apache/maven/maven-settings-builder/3.1.0/maven-settings-builder-3.1.0.pom
2025-08-14 20:05:14,555 [Worker-42: Building] INFO  o.e.m.c.i.e.AbstractTransferListenerAdapter - Downloading https://repo.maven.apache.org/maven2/org/codehaus/plexus/plexus-interpolation/1.16/plexus-interpolation-1.16.pom
2025-08-14 20:05:14,578 [Worker-42: Building] INFO  o.e.m.c.i.e.AbstractTransferListenerAdapter - Downloaded https://repo.maven.apache.org/maven2/org/codehaus/plexus/plexus-interpolation/1.16/plexus-interpolation-1.16.pom
2025-08-14 20:05:14,597 [Worker-42: Building] INFO  o.e.m.c.i.e.AbstractTransferListenerAdapter - Downloading https://repo.maven.apache.org/maven2/org/codehaus/plexus/plexus-components/1.3/plexus-components-1.3.pom
2025-08-14 20:05:14,622 [Worker-42: Building] INFO  o.e.m.c.i.e.AbstractTransferListenerAdapter - Downloaded https://repo.maven.apache.org/maven2/org/codehaus/plexus/plexus-components/1.3/plexus-components-1.3.pom
2025-08-14 20:05:14,651 [Worker-42: Building] INFO  o.e.m.c.i.e.AbstractTransferListenerAdapter - Downloading https://repo.maven.apache.org/maven2/org/codehaus/plexus/plexus-utils/1.5.5/plexus-utils-1.5.5.pom
2025-08-14 20:05:14,675 [Worker-42: Building] INFO  o.e.m.c.i.e.AbstractTransferListenerAdapter - Downloaded https://repo.maven.apache.org/maven2/org/codehaus/plexus/plexus-utils/1.5.5/plexus-utils-1.5.5.pom
2025-08-14 20:05:14,723 [Worker-42: Building] INFO  o.e.m.c.i.e.AbstractTransferListenerAdapter - Downloading https://repo.maven.apache.org/maven2/org/apache/maven/maven-repository-metadata/3.1.0/maven-repository-metadata-3.1.0.pom
2025-08-14 20:05:14,746 [Worker-42: Building] INFO  o.e.m.c.i.e.AbstractTransferListenerAdapter - Downloaded https://repo.maven.apache.org/maven2/org/apache/maven/maven-repository-metadata/3.1.0/maven-repository-metadata-3.1.0.pom
2025-08-14 20:05:14,773 [Worker-42: Building] INFO  o.e.m.c.i.e.AbstractTransferListenerAdapter - Downloading https://repo.maven.apache.org/maven2/org/apache/maven/maven-model-builder/3.1.0/maven-model-builder-3.1.0.pom
2025-08-14 20:05:14,796 [Worker-42: Building] INFO  o.e.m.c.i.e.AbstractTransferListenerAdapter - Downloaded https://repo.maven.apache.org/maven2/org/apache/maven/maven-model-builder/3.1.0/maven-model-builder-3.1.0.pom
2025-08-14 20:05:14,820 [Worker-42: Building] INFO  o.e.m.c.i.e.AbstractTransferListenerAdapter - Downloading https://repo.maven.apache.org/maven2/org/apache/maven/maven-aether-provider/3.1.0/maven-aether-provider-3.1.0.pom
2025-08-14 20:05:14,843 [Worker-42: Building] INFO  o.e.m.c.i.e.AbstractTransferListenerAdapter - Downloaded https://repo.maven.apache.org/maven2/org/apache/maven/maven-aether-provider/3.1.0/maven-aether-provider-3.1.0.pom
2025-08-14 20:05:14,960 [Worker-42: Building] INFO  o.e.m.c.i.e.AbstractTransferListenerAdapter - Downloading https://repo.maven.apache.org/maven2/org/codehaus/plexus/plexus-classworlds/2.4.2/plexus-classworlds-2.4.2.pom
2025-08-14 20:05:14,987 [Worker-42: Building] INFO  o.e.m.c.i.e.AbstractTransferListenerAdapter - Downloaded https://repo.maven.apache.org/maven2/org/codehaus/plexus/plexus-classworlds/2.4.2/plexus-classworlds-2.4.2.pom
2025-08-14 20:05:15,007 [Worker-42: Building] INFO  o.e.m.c.i.e.AbstractTransferListenerAdapter - Downloading https://repo.maven.apache.org/maven2/org/codehaus/plexus/plexus/3.0.1/plexus-3.0.1.pom
2025-08-14 20:05:15,032 [Worker-42: Building] INFO  o.e.m.c.i.e.AbstractTransferListenerAdapter - Downloaded https://repo.maven.apache.org/maven2/org/codehaus/plexus/plexus/3.0.1/plexus-3.0.1.pom
2025-08-14 20:05:15,060 [Worker-42: Building] INFO  o.e.m.c.i.e.AbstractTransferListenerAdapter - Downloading https://repo.maven.apache.org/maven2/org/apache/maven/shared/file-management/3.0.0/file-management-3.0.0.pom
2025-08-14 20:05:15,084 [Worker-42: Building] INFO  o.e.m.c.i.e.AbstractTransferListenerAdapter - Downloaded https://repo.maven.apache.org/maven2/org/apache/maven/shared/file-management/3.0.0/file-management-3.0.0.pom
2025-08-14 20:05:15,257 [Worker-42: Building] INFO  o.e.m.c.i.e.AbstractTransferListenerAdapter - Downloading https://repo.maven.apache.org/maven2/org/codehaus/plexus/plexus-utils/2.0.4/plexus-utils-2.0.4.pom
2025-08-14 20:05:15,282 [Worker-42: Building] INFO  o.e.m.c.i.e.AbstractTransferListenerAdapter - Downloaded https://repo.maven.apache.org/maven2/org/codehaus/plexus/plexus-utils/2.0.4/plexus-utils-2.0.4.pom
2025-08-14 20:05:15,469 [Worker-42: Building] INFO  o.e.m.c.i.e.AbstractTransferListenerAdapter - Downloading https://repo.maven.apache.org/maven2/org/codehaus/plexus/plexus-utils/2.0.5/plexus-utils-2.0.5.pom
2025-08-14 20:05:15,495 [Worker-42: Building] INFO  o.e.m.c.i.e.AbstractTransferListenerAdapter - Downloaded https://repo.maven.apache.org/maven2/org/codehaus/plexus/plexus-utils/2.0.5/plexus-utils-2.0.5.pom
2025-08-14 20:05:15,561 [Worker-42: Building] INFO  o.e.m.c.i.e.AbstractTransferListenerAdapter - Downloading https://repo.maven.apache.org/maven2/org/apache/maven/shared/maven-shared-io/3.0.0/maven-shared-io-3.0.0.pom
2025-08-14 20:05:15,589 [Worker-42: Building] INFO  o.e.m.c.i.e.AbstractTransferListenerAdapter - Downloaded https://repo.maven.apache.org/maven2/org/apache/maven/shared/maven-shared-io/3.0.0/maven-shared-io-3.0.0.pom
2025-08-14 20:05:15,618 [Worker-42: Building] INFO  o.e.m.c.i.e.AbstractTransferListenerAdapter - Downloading https://repo.maven.apache.org/maven2/org/apache/maven/maven-compat/3.0/maven-compat-3.0.pom
2025-08-14 20:05:15,643 [Worker-42: Building] INFO  o.e.m.c.i.e.AbstractTransferListenerAdapter - Downloaded https://repo.maven.apache.org/maven2/org/apache/maven/maven-compat/3.0/maven-compat-3.0.pom
2025-08-14 20:05:15,716 [Worker-42: Building] INFO  o.e.m.c.i.e.AbstractTransferListenerAdapter - Downloading https://repo.maven.apache.org/maven2/org/apache/maven/maven-settings/3.0/maven-settings-3.0.pom
2025-08-14 20:05:15,739 [Worker-42: Building] INFO  o.e.m.c.i.e.AbstractTransferListenerAdapter - Downloaded https://repo.maven.apache.org/maven2/org/apache/maven/maven-settings/3.0/maven-settings-3.0.pom
2025-08-14 20:05:15,944 [Worker-42: Building] INFO  o.e.m.c.i.e.AbstractTransferListenerAdapter - Downloading https://repo.maven.apache.org/maven2/org/apache/maven/wagon/wagon-provider-api/1.0-beta-6/wagon-provider-api-1.0-beta-6.pom
2025-08-14 20:05:15,970 [Worker-42: Building] INFO  o.e.m.c.i.e.AbstractTransferListenerAdapter - Downloaded https://repo.maven.apache.org/maven2/org/apache/maven/wagon/wagon-provider-api/1.0-beta-6/wagon-provider-api-1.0-beta-6.pom
2025-08-14 20:05:15,988 [Worker-42: Building] INFO  o.e.m.c.i.e.AbstractTransferListenerAdapter - Downloading https://repo.maven.apache.org/maven2/org/apache/maven/wagon/wagon/1.0-beta-6/wagon-1.0-beta-6.pom
2025-08-14 20:05:16,022 [Worker-42: Building] INFO  o.e.m.c.i.e.AbstractTransferListenerAdapter - Downloaded https://repo.maven.apache.org/maven2/org/apache/maven/wagon/wagon/1.0-beta-6/wagon-1.0-beta-6.pom
2025-08-14 20:05:16,089 [Worker-42: Building] INFO  o.e.m.c.i.e.AbstractTransferListenerAdapter - Downloading https://repo.maven.apache.org/maven2/org/codehaus/plexus/plexus-utils/1.4.2/plexus-utils-1.4.2.pom
2025-08-14 20:05:16,117 [Worker-42: Building] INFO  o.e.m.c.i.e.AbstractTransferListenerAdapter - Downloaded https://repo.maven.apache.org/maven2/org/codehaus/plexus/plexus-utils/1.4.2/plexus-utils-1.4.2.pom
2025-08-14 20:05:16,135 [Worker-42: Building] INFO  o.e.m.c.i.e.AbstractTransferListenerAdapter - Downloading https://repo.maven.apache.org/maven2/org/apache/maven/wagon/wagon-provider-api/2.10/wagon-provider-api-2.10.pom
2025-08-14 20:05:16,160 [Worker-42: Building] INFO  o.e.m.c.i.e.AbstractTransferListenerAdapter - Downloaded https://repo.maven.apache.org/maven2/org/apache/maven/wagon/wagon-provider-api/2.10/wagon-provider-api-2.10.pom
2025-08-14 20:05:16,179 [Worker-42: Building] INFO  o.e.m.c.i.e.AbstractTransferListenerAdapter - Downloading https://repo.maven.apache.org/maven2/org/apache/maven/wagon/wagon/2.10/wagon-2.10.pom
2025-08-14 20:05:16,211 [Worker-42: Building] INFO  o.e.m.c.i.e.AbstractTransferListenerAdapter - Downloaded https://repo.maven.apache.org/maven2/org/apache/maven/wagon/wagon/2.10/wagon-2.10.pom
2025-08-14 20:05:16,238 [Worker-42: Building] INFO  o.e.m.c.i.e.AbstractTransferListenerAdapter - Downloading https://repo.maven.apache.org/maven2/org/apache/maven/maven-parent/26/maven-parent-26.pom
2025-08-14 20:05:16,267 [Worker-42: Building] INFO  o.e.m.c.i.e.AbstractTransferListenerAdapter - Downloaded https://repo.maven.apache.org/maven2/org/apache/maven/maven-parent/26/maven-parent-26.pom
2025-08-14 20:05:16,314 [Worker-42: Building] INFO  o.e.m.c.i.e.AbstractTransferListenerAdapter - Downloading https://repo.maven.apache.org/maven2/org/codehaus/plexus/plexus-utils/3.0.15/plexus-utils-3.0.15.pom
2025-08-14 20:05:16,338 [Worker-42: Building] INFO  o.e.m.c.i.e.AbstractTransferListenerAdapter - Downloaded https://repo.maven.apache.org/maven2/org/codehaus/plexus/plexus-utils/3.0.15/plexus-utils-3.0.15.pom
2025-08-14 20:05:16,361 [Worker-42: Building] INFO  o.e.m.c.i.e.AbstractTransferListenerAdapter - Downloading https://repo.maven.apache.org/maven2/org/apache/maven/shared/maven-shared-utils/3.0.0/maven-shared-utils-3.0.0.pom
2025-08-14 20:05:16,387 [Worker-42: Building] INFO  o.e.m.c.i.e.AbstractTransferListenerAdapter - Downloaded https://repo.maven.apache.org/maven2/org/apache/maven/shared/maven-shared-utils/3.0.0/maven-shared-utils-3.0.0.pom
2025-08-14 20:05:16,407 [Worker-42: Building] INFO  o.e.m.c.i.e.AbstractTransferListenerAdapter - Downloading https://repo.maven.apache.org/maven2/org/apache/maven/shared/maven-shared-components/21/maven-shared-components-21.pom
2025-08-14 20:05:16,431 [Worker-42: Building] INFO  o.e.m.c.i.e.AbstractTransferListenerAdapter - Downloaded https://repo.maven.apache.org/maven2/org/apache/maven/shared/maven-shared-components/21/maven-shared-components-21.pom
2025-08-14 20:05:16,453 [Worker-42: Building] INFO  o.e.m.c.i.e.AbstractTransferListenerAdapter - Downloading https://repo.maven.apache.org/maven2/commons-io/commons-io/2.4/commons-io-2.4.pom
2025-08-14 20:05:16,480 [Worker-42: Building] INFO  o.e.m.c.i.e.AbstractTransferListenerAdapter - Downloaded https://repo.maven.apache.org/maven2/commons-io/commons-io/2.4/commons-io-2.4.pom
2025-08-14 20:05:16,507 [Worker-42: Building] INFO  o.e.m.c.i.e.AbstractTransferListenerAdapter - Downloading https://repo.maven.apache.org/maven2/org/apache/commons/commons-parent/25/commons-parent-25.pom
2025-08-14 20:05:16,542 [Worker-42: Building] INFO  o.e.m.c.i.e.AbstractTransferListenerAdapter - Downloaded https://repo.maven.apache.org/maven2/org/apache/commons/commons-parent/25/commons-parent-25.pom
2025-08-14 20:05:16,572 [Worker-42: Building] INFO  o.e.m.c.i.e.AbstractTransferListenerAdapter - Downloading https://repo.maven.apache.org/maven2/org/apache/apache/9/apache-9.pom
2025-08-14 20:05:16,599 [Worker-42: Building] INFO  o.e.m.c.i.e.AbstractTransferListenerAdapter - Downloaded https://repo.maven.apache.org/maven2/org/apache/apache/9/apache-9.pom
2025-08-14 20:05:16,625 [Worker-42: Building] INFO  o.e.m.c.i.e.AbstractTransferListenerAdapter - Downloading https://repo.maven.apache.org/maven2/com/google/code/findbugs/jsr305/2.0.1/jsr305-2.0.1.pom
2025-08-14 20:05:16,648 [Worker-42: Building] INFO  o.e.m.c.i.e.AbstractTransferListenerAdapter - Downloaded https://repo.maven.apache.org/maven2/com/google/code/findbugs/jsr305/2.0.1/jsr305-2.0.1.pom
2025-08-14 20:05:16,674 [Worker-42: Building] INFO  o.e.m.c.i.e.AbstractTransferListenerAdapter - Downloading https://repo.maven.apache.org/maven2/org/codehaus/plexus/plexus-utils/3.0.22/plexus-utils-3.0.22.pom
2025-08-14 20:05:16,699 [Worker-42: Building] INFO  o.e.m.c.i.e.AbstractTransferListenerAdapter - Downloaded https://repo.maven.apache.org/maven2/org/codehaus/plexus/plexus-utils/3.0.22/plexus-utils-3.0.22.pom
2025-08-14 20:05:16,912 [Worker-42: Building] INFO  o.e.m.c.i.e.AbstractTransferListenerAdapter - Downloading https://repo.maven.apache.org/maven2/org/eclipse/sisu/org.eclipse.sisu.plexus/0.0.0.M5/org.eclipse.sisu.plexus-0.0.0.M5.pom
2025-08-14 20:05:16,935 [Worker-42: Building] INFO  o.e.m.c.i.e.AbstractTransferListenerAdapter - Downloaded https://repo.maven.apache.org/maven2/org/eclipse/sisu/org.eclipse.sisu.plexus/0.0.0.M5/org.eclipse.sisu.plexus-0.0.0.M5.pom
2025-08-14 20:05:16,955 [Worker-42: Building] INFO  o.e.m.c.i.e.AbstractTransferListenerAdapter - Downloading https://repo.maven.apache.org/maven2/org/eclipse/sisu/sisu-plexus/0.0.0.M5/sisu-plexus-0.0.0.M5.pom
2025-08-14 20:05:16,981 [Worker-42: Building] INFO  o.e.m.c.i.e.AbstractTransferListenerAdapter - Downloaded https://repo.maven.apache.org/maven2/org/eclipse/sisu/sisu-plexus/0.0.0.M5/sisu-plexus-0.0.0.M5.pom
2025-08-14 20:05:17,017 [Worker-42: Building] INFO  o.e.m.c.i.e.AbstractTransferListenerAdapter - Downloading https://repo.maven.apache.org/maven2/org/eclipse/sisu/org.eclipse.sisu.inject/0.0.0.M5/org.eclipse.sisu.inject-0.0.0.M5.pom
2025-08-14 20:05:17,041 [Worker-42: Building] INFO  o.e.m.c.i.e.AbstractTransferListenerAdapter - Downloaded https://repo.maven.apache.org/maven2/org/eclipse/sisu/org.eclipse.sisu.inject/0.0.0.M5/org.eclipse.sisu.inject-0.0.0.M5.pom
2025-08-14 20:05:17,068 [Worker-42: Building] INFO  o.e.m.c.i.e.AbstractTransferListenerAdapter - Downloading https://repo.maven.apache.org/maven2/org/eclipse/sisu/sisu-inject/0.0.0.M5/sisu-inject-0.0.0.M5.pom
2025-08-14 20:05:17,098 [Worker-42: Building] INFO  o.e.m.c.i.e.AbstractTransferListenerAdapter - Downloaded https://repo.maven.apache.org/maven2/org/eclipse/sisu/sisu-inject/0.0.0.M5/sisu-inject-0.0.0.M5.pom
2025-08-14 20:05:17,296 [Worker-42: Building] INFO  o.e.m.c.i.e.AbstractTransferListenerAdapter - Downloading https://repo.maven.apache.org/maven2/org/codehaus/plexus/plexus-utils/3.4.1/plexus-utils-3.4.1.pom
2025-08-14 20:05:17,320 [Worker-42: Building] INFO  o.e.m.c.i.e.AbstractTransferListenerAdapter - Downloaded https://repo.maven.apache.org/maven2/org/codehaus/plexus/plexus-utils/3.4.1/plexus-utils-3.4.1.pom
2025-08-14 20:05:17,426 [Worker-42: Building] INFO  o.e.m.c.i.e.AbstractTransferListenerAdapter - Downloading https://repo.maven.apache.org/maven2/org/codehaus/plexus/plexus-utils/3.3.1/plexus-utils-3.3.1.pom
2025-08-14 20:05:17,452 [Worker-42: Building] INFO  o.e.m.c.i.e.AbstractTransferListenerAdapter - Downloaded https://repo.maven.apache.org/maven2/org/codehaus/plexus/plexus-utils/3.3.1/plexus-utils-3.3.1.pom
2025-08-14 20:05:17,488 [Worker-42: Building] INFO  o.e.m.c.i.e.AbstractTransferListenerAdapter - Downloading https://repo.maven.apache.org/maven2/org/apache/maven/maven-plugin-api/3.1.0/maven-plugin-api-3.1.0.jar
2025-08-14 20:05:17,959 [Worker-42: Building] INFO  o.e.m.c.i.e.AbstractTransferListenerAdapter - Downloaded https://repo.maven.apache.org/maven2/org/apache/maven/maven-plugin-api/3.1.0/maven-plugin-api-3.1.0.jar
2025-08-14 20:05:17,976 [BasicRepositoryConnector-repo.maven.apache.org-0-0] INFO  o.e.m.c.i.e.AbstractTransferListenerAdapter - Downloading https://repo.maven.apache.org/maven2/org/apache/maven/maven-model/3.1.0/maven-model-3.1.0.jar
2025-08-14 20:05:18,021 [BasicRepositoryConnector-repo.maven.apache.org-0-0] INFO  o.e.m.c.i.e.AbstractTransferListenerAdapter - Downloaded https://repo.maven.apache.org/maven2/org/apache/maven/maven-model/3.1.0/maven-model-3.1.0.jar
2025-08-14 20:05:18,027 [BasicRepositoryConnector-repo.maven.apache.org-0-2] INFO  o.e.m.c.i.e.AbstractTransferListenerAdapter - Downloading https://repo.maven.apache.org/maven2/javax/enterprise/cdi-api/1.0/cdi-api-1.0.jar
2025-08-14 20:05:18,027 [BasicRepositoryConnector-repo.maven.apache.org-0-4] INFO  o.e.m.c.i.e.AbstractTransferListenerAdapter - Downloading https://repo.maven.apache.org/maven2/com/google/guava/guava/10.0.1/guava-10.0.1.jar
2025-08-14 20:05:18,029 [BasicRepositoryConnector-repo.maven.apache.org-0-3] INFO  o.e.m.c.i.e.AbstractTransferListenerAdapter - Downloading https://repo.maven.apache.org/maven2/javax/annotation/jsr250-api/1.0/jsr250-api-1.0.jar
2025-08-14 20:05:18,034 [BasicRepositoryConnector-repo.maven.apache.org-0-1] INFO  o.e.m.c.i.e.AbstractTransferListenerAdapter - Downloading https://repo.maven.apache.org/maven2/org/eclipse/sisu/org.eclipse.sisu.plexus/0.0.0.M2a/org.eclipse.sisu.plexus-0.0.0.M2a.jar
2025-08-14 20:05:18,038 [BasicRepositoryConnector-repo.maven.apache.org-0-0] INFO  o.e.m.c.i.e.AbstractTransferListenerAdapter - Downloading https://repo.maven.apache.org/maven2/com/google/code/findbugs/jsr305/1.3.9/jsr305-1.3.9.jar
2025-08-14 20:05:18,106 [BasicRepositoryConnector-repo.maven.apache.org-0-1] INFO  o.e.m.c.i.e.AbstractTransferListenerAdapter - Downloaded https://repo.maven.apache.org/maven2/org/eclipse/sisu/org.eclipse.sisu.plexus/0.0.0.M2a/org.eclipse.sisu.plexus-0.0.0.M2a.jar
2025-08-14 20:05:18,133 [BasicRepositoryConnector-repo.maven.apache.org-0-3] INFO  o.e.m.c.i.e.AbstractTransferListenerAdapter - Downloaded https://repo.maven.apache.org/maven2/javax/annotation/jsr250-api/1.0/jsr250-api-1.0.jar
2025-08-14 20:05:18,133 [BasicRepositoryConnector-repo.maven.apache.org-0-1] INFO  o.e.m.c.i.e.AbstractTransferListenerAdapter - Downloading https://repo.maven.apache.org/maven2/org/sonatype/sisu/sisu-guice/3.1.0/sisu-guice-3.1.0-no_aop.jar
2025-08-14 20:05:18,157 [BasicRepositoryConnector-repo.maven.apache.org-0-3] INFO  o.e.m.c.i.e.AbstractTransferListenerAdapter - Downloading https://repo.maven.apache.org/maven2/aopalliance/aopalliance/1.0/aopalliance-1.0.jar
2025-08-14 20:05:18,171 [BasicRepositoryConnector-repo.maven.apache.org-0-4] INFO  o.e.m.c.i.e.AbstractTransferListenerAdapter - Downloaded https://repo.maven.apache.org/maven2/com/google/guava/guava/10.0.1/guava-10.0.1.jar
2025-08-14 20:05:18,177 [BasicRepositoryConnector-repo.maven.apache.org-0-3] INFO  o.e.m.c.i.e.AbstractTransferListenerAdapter - Downloaded https://repo.maven.apache.org/maven2/aopalliance/aopalliance/1.0/aopalliance-1.0.jar
2025-08-14 20:05:18,191 [BasicRepositoryConnector-repo.maven.apache.org-0-4] INFO  o.e.m.c.i.e.AbstractTransferListenerAdapter - Downloading https://repo.maven.apache.org/maven2/org/eclipse/sisu/org.eclipse.sisu.inject/0.0.0.M2a/org.eclipse.sisu.inject-0.0.0.M2a.jar
2025-08-14 20:05:18,200 [BasicRepositoryConnector-repo.maven.apache.org-0-1] INFO  o.e.m.c.i.e.AbstractTransferListenerAdapter - Downloaded https://repo.maven.apache.org/maven2/org/sonatype/sisu/sisu-guice/3.1.0/sisu-guice-3.1.0-no_aop.jar
2025-08-14 20:05:18,208 [BasicRepositoryConnector-repo.maven.apache.org-0-3] INFO  o.e.m.c.i.e.AbstractTransferListenerAdapter - Downloading https://repo.maven.apache.org/maven2/asm/asm/3.3.1/asm-3.3.1.jar
2025-08-14 20:05:18,217 [BasicRepositoryConnector-repo.maven.apache.org-0-1] INFO  o.e.m.c.i.e.AbstractTransferListenerAdapter - Downloading https://repo.maven.apache.org/maven2/org/apache/maven/maven-core/3.1.0/maven-core-3.1.0.jar
2025-08-14 20:05:18,231 [BasicRepositoryConnector-repo.maven.apache.org-0-4] INFO  o.e.m.c.i.e.AbstractTransferListenerAdapter - Downloaded https://repo.maven.apache.org/maven2/org/eclipse/sisu/org.eclipse.sisu.inject/0.0.0.M2a/org.eclipse.sisu.inject-0.0.0.M2a.jar
2025-08-14 20:05:18,252 [BasicRepositoryConnector-repo.maven.apache.org-0-4] INFO  o.e.m.c.i.e.AbstractTransferListenerAdapter - Downloading https://repo.maven.apache.org/maven2/org/apache/maven/maven-settings/3.1.0/maven-settings-3.1.0.jar
2025-08-14 20:05:18,268 [BasicRepositoryConnector-repo.maven.apache.org-0-1] INFO  o.e.m.c.i.e.AbstractTransferListenerAdapter - Downloaded https://repo.maven.apache.org/maven2/org/apache/maven/maven-core/3.1.0/maven-core-3.1.0.jar
2025-08-14 20:05:18,287 [BasicRepositoryConnector-repo.maven.apache.org-0-1] INFO  o.e.m.c.i.e.AbstractTransferListenerAdapter - Downloading https://repo.maven.apache.org/maven2/org/apache/maven/maven-settings-builder/3.1.0/maven-settings-builder-3.1.0.jar
2025-08-14 20:05:18,552 [BasicRepositoryConnector-repo.maven.apache.org-0-3] INFO  o.e.m.c.i.e.AbstractTransferListenerAdapter - Downloaded https://repo.maven.apache.org/maven2/asm/asm/3.3.1/asm-3.3.1.jar
2025-08-14 20:05:18,577 [BasicRepositoryConnector-repo.maven.apache.org-0-3] INFO  o.e.m.c.i.e.AbstractTransferListenerAdapter - Downloading https://repo.maven.apache.org/maven2/org/apache/maven/maven-repository-metadata/3.1.0/maven-repository-metadata-3.1.0.jar
2025-08-14 20:05:18,601 [BasicRepositoryConnector-repo.maven.apache.org-0-4] INFO  o.e.m.c.i.e.AbstractTransferListenerAdapter - Downloaded https://repo.maven.apache.org/maven2/org/apache/maven/maven-settings/3.1.0/maven-settings-3.1.0.jar
2025-08-14 20:05:18,616 [BasicRepositoryConnector-repo.maven.apache.org-0-4] INFO  o.e.m.c.i.e.AbstractTransferListenerAdapter - Downloading https://repo.maven.apache.org/maven2/org/apache/maven/maven-model-builder/3.1.0/maven-model-builder-3.1.0.jar
2025-08-14 20:05:18,665 [BasicRepositoryConnector-repo.maven.apache.org-0-4] INFO  o.e.m.c.i.e.AbstractTransferListenerAdapter - Downloaded https://repo.maven.apache.org/maven2/org/apache/maven/maven-model-builder/3.1.0/maven-model-builder-3.1.0.jar
2025-08-14 20:05:18,686 [BasicRepositoryConnector-repo.maven.apache.org-0-4] INFO  o.e.m.c.i.e.AbstractTransferListenerAdapter - Downloading https://repo.maven.apache.org/maven2/org/apache/maven/maven-aether-provider/3.1.0/maven-aether-provider-3.1.0.jar
2025-08-14 20:05:18,715 [BasicRepositoryConnector-repo.maven.apache.org-0-4] INFO  o.e.m.c.i.e.AbstractTransferListenerAdapter - Downloaded https://repo.maven.apache.org/maven2/org/apache/maven/maven-aether-provider/3.1.0/maven-aether-provider-3.1.0.jar
2025-08-14 20:05:18,743 [BasicRepositoryConnector-repo.maven.apache.org-0-4] INFO  o.e.m.c.i.e.AbstractTransferListenerAdapter - Downloading https://repo.maven.apache.org/maven2/org/eclipse/aether/aether-spi/0.9.0.M2/aether-spi-0.9.0.M2.jar
2025-08-14 20:05:18,812 [BasicRepositoryConnector-repo.maven.apache.org-0-3] INFO  o.e.m.c.i.e.AbstractTransferListenerAdapter - Downloaded https://repo.maven.apache.org/maven2/org/apache/maven/maven-repository-metadata/3.1.0/maven-repository-metadata-3.1.0.jar
2025-08-14 20:05:18,830 [BasicRepositoryConnector-repo.maven.apache.org-0-3] INFO  o.e.m.c.i.e.AbstractTransferListenerAdapter - Downloading https://repo.maven.apache.org/maven2/org/eclipse/aether/aether-impl/0.9.0.M2/aether-impl-0.9.0.M2.jar
2025-08-14 20:05:18,841 [BasicRepositoryConnector-repo.maven.apache.org-0-1] INFO  o.e.m.c.i.e.AbstractTransferListenerAdapter - Downloaded https://repo.maven.apache.org/maven2/org/apache/maven/maven-settings-builder/3.1.0/maven-settings-builder-3.1.0.jar
2025-08-14 20:05:18,863 [BasicRepositoryConnector-repo.maven.apache.org-0-1] INFO  o.e.m.c.i.e.AbstractTransferListenerAdapter - Downloading https://repo.maven.apache.org/maven2/org/eclipse/aether/aether-api/0.9.0.M2/aether-api-0.9.0.M2.jar
2025-08-14 20:05:18,864 [BasicRepositoryConnector-repo.maven.apache.org-0-0] INFO  o.e.m.c.i.e.AbstractTransferListenerAdapter - Downloaded https://repo.maven.apache.org/maven2/com/google/code/findbugs/jsr305/1.3.9/jsr305-1.3.9.jar
2025-08-14 20:05:18,872 [BasicRepositoryConnector-repo.maven.apache.org-0-3] INFO  o.e.m.c.i.e.AbstractTransferListenerAdapter - Downloaded https://repo.maven.apache.org/maven2/org/eclipse/aether/aether-impl/0.9.0.M2/aether-impl-0.9.0.M2.jar
2025-08-14 20:05:18,887 [BasicRepositoryConnector-repo.maven.apache.org-0-0] INFO  o.e.m.c.i.e.AbstractTransferListenerAdapter - Downloading https://repo.maven.apache.org/maven2/org/eclipse/aether/aether-util/0.9.0.M2/aether-util-0.9.0.M2.jar
2025-08-14 20:05:18,891 [BasicRepositoryConnector-repo.maven.apache.org-0-3] INFO  o.e.m.c.i.e.AbstractTransferListenerAdapter - Downloading https://repo.maven.apache.org/maven2/org/codehaus/plexus/plexus-interpolation/1.16/plexus-interpolation-1.16.jar
2025-08-14 20:05:18,903 [BasicRepositoryConnector-repo.maven.apache.org-0-1] INFO  o.e.m.c.i.e.AbstractTransferListenerAdapter - Downloaded https://repo.maven.apache.org/maven2/org/eclipse/aether/aether-api/0.9.0.M2/aether-api-0.9.0.M2.jar
2025-08-14 20:05:18,919 [BasicRepositoryConnector-repo.maven.apache.org-0-1] INFO  o.e.m.c.i.e.AbstractTransferListenerAdapter - Downloading https://repo.maven.apache.org/maven2/org/codehaus/plexus/plexus-classworlds/2.4.2/plexus-classworlds-2.4.2.jar
2025-08-14 20:05:18,926 [BasicRepositoryConnector-repo.maven.apache.org-0-0] INFO  o.e.m.c.i.e.AbstractTransferListenerAdapter - Downloaded https://repo.maven.apache.org/maven2/org/eclipse/aether/aether-util/0.9.0.M2/aether-util-0.9.0.M2.jar
2025-08-14 20:05:18,935 [BasicRepositoryConnector-repo.maven.apache.org-0-3] INFO  o.e.m.c.i.e.AbstractTransferListenerAdapter - Downloaded https://repo.maven.apache.org/maven2/org/codehaus/plexus/plexus-interpolation/1.16/plexus-interpolation-1.16.jar
2025-08-14 20:05:18,941 [BasicRepositoryConnector-repo.maven.apache.org-0-0] INFO  o.e.m.c.i.e.AbstractTransferListenerAdapter - Downloading https://repo.maven.apache.org/maven2/org/codehaus/plexus/plexus-component-annotations/2.0.0/plexus-component-annotations-2.0.0.jar
2025-08-14 20:05:18,953 [BasicRepositoryConnector-repo.maven.apache.org-0-3] INFO  o.e.m.c.i.e.AbstractTransferListenerAdapter - Downloading https://repo.maven.apache.org/maven2/org/sonatype/plexus/plexus-sec-dispatcher/1.3/plexus-sec-dispatcher-1.3.jar
2025-08-14 20:05:18,994 [BasicRepositoryConnector-repo.maven.apache.org-0-2] INFO  o.e.m.c.i.e.AbstractTransferListenerAdapter - Downloaded https://repo.maven.apache.org/maven2/javax/enterprise/cdi-api/1.0/cdi-api-1.0.jar
2025-08-14 20:05:19,007 [BasicRepositoryConnector-repo.maven.apache.org-0-0] INFO  o.e.m.c.i.e.AbstractTransferListenerAdapter - Downloaded https://repo.maven.apache.org/maven2/org/codehaus/plexus/plexus-component-annotations/2.0.0/plexus-component-annotations-2.0.0.jar
2025-08-14 20:05:19,012 [BasicRepositoryConnector-repo.maven.apache.org-0-2] INFO  o.e.m.c.i.e.AbstractTransferListenerAdapter - Downloading https://repo.maven.apache.org/maven2/org/sonatype/plexus/plexus-cipher/1.4/plexus-cipher-1.4.jar
2025-08-14 20:05:19,025 [BasicRepositoryConnector-repo.maven.apache.org-0-0] INFO  o.e.m.c.i.e.AbstractTransferListenerAdapter - Downloading https://repo.maven.apache.org/maven2/org/apache/maven/maven-artifact/3.1.0/maven-artifact-3.1.0.jar
2025-08-14 20:05:19,063 [BasicRepositoryConnector-repo.maven.apache.org-0-0] INFO  o.e.m.c.i.e.AbstractTransferListenerAdapter - Downloaded https://repo.maven.apache.org/maven2/org/apache/maven/maven-artifact/3.1.0/maven-artifact-3.1.0.jar
2025-08-14 20:05:19,082 [BasicRepositoryConnector-repo.maven.apache.org-0-0] INFO  o.e.m.c.i.e.AbstractTransferListenerAdapter - Downloading https://repo.maven.apache.org/maven2/org/apache/maven/shared/file-management/3.0.0/file-management-3.0.0.jar
2025-08-14 20:05:19,106 [BasicRepositoryConnector-repo.maven.apache.org-0-4] INFO  o.e.m.c.i.e.AbstractTransferListenerAdapter - Downloaded https://repo.maven.apache.org/maven2/org/eclipse/aether/aether-spi/0.9.0.M2/aether-spi-0.9.0.M2.jar
2025-08-14 20:05:19,123 [BasicRepositoryConnector-repo.maven.apache.org-0-4] INFO  o.e.m.c.i.e.AbstractTransferListenerAdapter - Downloading https://repo.maven.apache.org/maven2/org/apache/maven/shared/maven-shared-io/3.0.0/maven-shared-io-3.0.0.jar
2025-08-14 20:05:19,203 [BasicRepositoryConnector-repo.maven.apache.org-0-2] INFO  o.e.m.c.i.e.AbstractTransferListenerAdapter - Downloaded https://repo.maven.apache.org/maven2/org/sonatype/plexus/plexus-cipher/1.4/plexus-cipher-1.4.jar
2025-08-14 20:05:19,224 [BasicRepositoryConnector-repo.maven.apache.org-0-2] INFO  o.e.m.c.i.e.AbstractTransferListenerAdapter - Downloading https://repo.maven.apache.org/maven2/org/apache/maven/maven-compat/3.0/maven-compat-3.0.jar
2025-08-14 20:05:19,255 [BasicRepositoryConnector-repo.maven.apache.org-0-3] INFO  o.e.m.c.i.e.AbstractTransferListenerAdapter - Downloaded https://repo.maven.apache.org/maven2/org/sonatype/plexus/plexus-sec-dispatcher/1.3/plexus-sec-dispatcher-1.3.jar
2025-08-14 20:05:19,271 [BasicRepositoryConnector-repo.maven.apache.org-0-3] INFO  o.e.m.c.i.e.AbstractTransferListenerAdapter - Downloading https://repo.maven.apache.org/maven2/org/sonatype/sisu/sisu-inject-plexus/1.4.2/sisu-inject-plexus-1.4.2.jar
2025-08-14 20:05:19,279 [BasicRepositoryConnector-repo.maven.apache.org-0-2] INFO  o.e.m.c.i.e.AbstractTransferListenerAdapter - Downloaded https://repo.maven.apache.org/maven2/org/apache/maven/maven-compat/3.0/maven-compat-3.0.jar
2025-08-14 20:05:19,313 [BasicRepositoryConnector-repo.maven.apache.org-0-2] INFO  o.e.m.c.i.e.AbstractTransferListenerAdapter - Downloading https://repo.maven.apache.org/maven2/org/sonatype/sisu/sisu-inject-bean/1.4.2/sisu-inject-bean-1.4.2.jar
2025-08-14 20:05:19,317 [BasicRepositoryConnector-repo.maven.apache.org-0-3] INFO  o.e.m.c.i.e.AbstractTransferListenerAdapter - Downloaded https://repo.maven.apache.org/maven2/org/sonatype/sisu/sisu-inject-plexus/1.4.2/sisu-inject-plexus-1.4.2.jar
2025-08-14 20:05:19,339 [BasicRepositoryConnector-repo.maven.apache.org-0-3] INFO  o.e.m.c.i.e.AbstractTransferListenerAdapter - Downloading https://repo.maven.apache.org/maven2/org/sonatype/sisu/sisu-guice/2.1.7/sisu-guice-2.1.7-noaop.jar
2025-08-14 20:05:19,347 [BasicRepositoryConnector-repo.maven.apache.org-0-2] INFO  o.e.m.c.i.e.AbstractTransferListenerAdapter - Downloaded https://repo.maven.apache.org/maven2/org/sonatype/sisu/sisu-inject-bean/1.4.2/sisu-inject-bean-1.4.2.jar
2025-08-14 20:05:19,373 [BasicRepositoryConnector-repo.maven.apache.org-0-2] INFO  o.e.m.c.i.e.AbstractTransferListenerAdapter - Downloading https://repo.maven.apache.org/maven2/org/apache/maven/wagon/wagon-provider-api/2.10/wagon-provider-api-2.10.jar
2025-08-14 20:05:19,397 [BasicRepositoryConnector-repo.maven.apache.org-0-3] INFO  o.e.m.c.i.e.AbstractTransferListenerAdapter - Downloaded https://repo.maven.apache.org/maven2/org/sonatype/sisu/sisu-guice/2.1.7/sisu-guice-2.1.7-noaop.jar
2025-08-14 20:05:19,406 [BasicRepositoryConnector-repo.maven.apache.org-0-2] INFO  o.e.m.c.i.e.AbstractTransferListenerAdapter - Downloaded https://repo.maven.apache.org/maven2/org/apache/maven/wagon/wagon-provider-api/2.10/wagon-provider-api-2.10.jar
2025-08-14 20:05:19,415 [BasicRepositoryConnector-repo.maven.apache.org-0-3] INFO  o.e.m.c.i.e.AbstractTransferListenerAdapter - Downloading https://repo.maven.apache.org/maven2/org/apache/maven/maven-archiver/3.5.2/maven-archiver-3.5.2.jar
2025-08-14 20:05:19,421 [BasicRepositoryConnector-repo.maven.apache.org-0-2] INFO  o.e.m.c.i.e.AbstractTransferListenerAdapter - Downloading https://repo.maven.apache.org/maven2/org/apache/commons/commons-compress/1.20/commons-compress-1.20.jar
2025-08-14 20:05:19,466 [BasicRepositoryConnector-repo.maven.apache.org-0-2] INFO  o.e.m.c.i.e.AbstractTransferListenerAdapter - Downloaded https://repo.maven.apache.org/maven2/org/apache/commons/commons-compress/1.20/commons-compress-1.20.jar
2025-08-14 20:05:19,469 [BasicRepositoryConnector-repo.maven.apache.org-0-0] INFO  o.e.m.c.i.e.AbstractTransferListenerAdapter - Downloaded https://repo.maven.apache.org/maven2/org/apache/maven/shared/file-management/3.0.0/file-management-3.0.0.jar
2025-08-14 20:05:19,494 [BasicRepositoryConnector-repo.maven.apache.org-0-2] INFO  o.e.m.c.i.e.AbstractTransferListenerAdapter - Downloading https://repo.maven.apache.org/maven2/org/codehaus/plexus/plexus-archiver/4.2.7/plexus-archiver-4.2.7.jar
2025-08-14 20:05:19,496 [BasicRepositoryConnector-repo.maven.apache.org-0-0] INFO  o.e.m.c.i.e.AbstractTransferListenerAdapter - Downloading https://repo.maven.apache.org/maven2/org/codehaus/plexus/plexus-io/3.2.0/plexus-io-3.2.0.jar
2025-08-14 20:05:19,524 [BasicRepositoryConnector-repo.maven.apache.org-0-2] INFO  o.e.m.c.i.e.AbstractTransferListenerAdapter - Downloaded https://repo.maven.apache.org/maven2/org/codehaus/plexus/plexus-archiver/4.2.7/plexus-archiver-4.2.7.jar
2025-08-14 20:05:19,527 [BasicRepositoryConnector-repo.maven.apache.org-0-0] INFO  o.e.m.c.i.e.AbstractTransferListenerAdapter - Downloaded https://repo.maven.apache.org/maven2/org/codehaus/plexus/plexus-io/3.2.0/plexus-io-3.2.0.jar
2025-08-14 20:05:19,539 [BasicRepositoryConnector-repo.maven.apache.org-0-2] INFO  o.e.m.c.i.e.AbstractTransferListenerAdapter - Downloading https://repo.maven.apache.org/maven2/org/codehaus/plexus/plexus-utils/3.3.1/plexus-utils-3.3.1.jar
2025-08-14 20:05:19,560 [BasicRepositoryConnector-repo.maven.apache.org-0-1] INFO  o.e.m.c.i.e.AbstractTransferListenerAdapter - Downloaded https://repo.maven.apache.org/maven2/org/codehaus/plexus/plexus-classworlds/2.4.2/plexus-classworlds-2.4.2.jar
2025-08-14 20:05:19,579 [BasicRepositoryConnector-repo.maven.apache.org-0-2] INFO  o.e.m.c.i.e.AbstractTransferListenerAdapter - Downloaded https://repo.maven.apache.org/maven2/org/codehaus/plexus/plexus-utils/3.3.1/plexus-utils-3.3.1.jar
2025-08-14 20:05:19,633 [BasicRepositoryConnector-repo.maven.apache.org-0-3] INFO  o.e.m.c.i.e.AbstractTransferListenerAdapter - Downloaded https://repo.maven.apache.org/maven2/org/apache/maven/maven-archiver/3.5.2/maven-archiver-3.5.2.jar
2025-08-14 20:05:19,674 [BasicRepositoryConnector-repo.maven.apache.org-0-4] INFO  o.e.m.c.i.e.AbstractTransferListenerAdapter - Downloaded https://repo.maven.apache.org/maven2/org/apache/maven/shared/maven-shared-io/3.0.0/maven-shared-io-3.0.0.jar
2025-08-14 20:05:20,108 [Worker-47: Updating Maven Project] INFO  o.e.m.c.i.p.ProjectConfigurationManager - Update started
2025-08-14 20:05:20,111 [Worker-48: Launching TodoList-cli] INFO  o.eclipse.m2e.core.internal.Bundles - getClasspathEntries(Bundle=org.eclipse.m2e.maven.runtime_3.9.900.20250220-2013 [299])
2025-08-14 20:05:20,111 [Worker-49: Launching TodoList-cli] INFO  o.eclipse.m2e.core.internal.Bundles - getClasspathEntries(Bundle=org.eclipse.m2e.maven.runtime_3.9.900.20250220-2013 [299])
2025-08-14 20:05:20,112 [Worker-48: Launching TodoList-cli] INFO  o.eclipse.m2e.core.internal.Bundles - 	Entry: C:\Users\hbui3\.p2\pool\plugins\org.eclipse.m2e.maven.runtime_3.9.900.20250220-2013
2025-08-14 20:05:20,112 [Worker-49: Launching TodoList-cli] INFO  o.eclipse.m2e.core.internal.Bundles - 	Entry: C:\Users\hbui3\.p2\pool\plugins\org.eclipse.m2e.maven.runtime_3.9.900.20250220-2013
2025-08-14 20:05:20,112 [Worker-49: Launching TodoList-cli] INFO  o.eclipse.m2e.core.internal.Bundles - 	Entry: C:\Users\hbui3\.p2\pool\plugins\org.eclipse.m2e.maven.runtime_3.9.900.20250220-2013\jars\aopalliance-1.0.jar
2025-08-14 20:05:20,112 [Worker-48: Launching TodoList-cli] INFO  o.eclipse.m2e.core.internal.Bundles - 	Entry: C:\Users\hbui3\.p2\pool\plugins\org.eclipse.m2e.maven.runtime_3.9.900.20250220-2013\jars\aopalliance-1.0.jar
2025-08-14 20:05:20,112 [Worker-49: Launching TodoList-cli] INFO  o.eclipse.m2e.core.internal.Bundles - 	Entry: C:\Users\hbui3\.p2\pool\plugins\org.eclipse.m2e.maven.runtime_3.9.900.20250220-2013\jars\guice-5.1.0.jar
2025-08-14 20:05:20,113 [Worker-48: Launching TodoList-cli] INFO  o.eclipse.m2e.core.internal.Bundles - 	Entry: C:\Users\hbui3\.p2\pool\plugins\org.eclipse.m2e.maven.runtime_3.9.900.20250220-2013\jars\guice-5.1.0.jar
2025-08-14 20:05:20,113 [Worker-49: Launching TodoList-cli] INFO  o.eclipse.m2e.core.internal.Bundles - 	Entry: C:\Users\hbui3\.p2\pool\plugins\org.eclipse.m2e.maven.runtime_3.9.900.20250220-2013\jars\httpclient-4.5.14.jar
2025-08-14 20:05:20,113 [Worker-49: Launching TodoList-cli] INFO  o.eclipse.m2e.core.internal.Bundles - 	Entry: C:\Users\hbui3\.p2\pool\plugins\org.eclipse.m2e.maven.runtime_3.9.900.20250220-2013\jars\httpcore-4.4.16.jar
2025-08-14 20:05:20,113 [Worker-48: Launching TodoList-cli] INFO  o.eclipse.m2e.core.internal.Bundles - 	Entry: C:\Users\hbui3\.p2\pool\plugins\org.eclipse.m2e.maven.runtime_3.9.900.20250220-2013\jars\httpclient-4.5.14.jar
2025-08-14 20:05:20,113 [Worker-49: Launching TodoList-cli] INFO  o.eclipse.m2e.core.internal.Bundles - 	Entry: C:\Users\hbui3\.p2\pool\plugins\org.eclipse.m2e.maven.runtime_3.9.900.20250220-2013\jars\jansi-2.4.1.jar
2025-08-14 20:05:20,113 [Worker-48: Launching TodoList-cli] INFO  o.eclipse.m2e.core.internal.Bundles - 	Entry: C:\Users\hbui3\.p2\pool\plugins\org.eclipse.m2e.maven.runtime_3.9.900.20250220-2013\jars\httpcore-4.4.16.jar
2025-08-14 20:05:20,113 [Worker-49: Launching TodoList-cli] INFO  o.eclipse.m2e.core.internal.Bundles - 	Entry: C:\Users\hbui3\.p2\pool\plugins\org.eclipse.m2e.maven.runtime_3.9.900.20250220-2013\jars\jcl-over-slf4j-1.7.36.jar
2025-08-14 20:05:20,113 [Worker-48: Launching TodoList-cli] INFO  o.eclipse.m2e.core.internal.Bundles - 	Entry: C:\Users\hbui3\.p2\pool\plugins\org.eclipse.m2e.maven.runtime_3.9.900.20250220-2013\jars\jansi-2.4.1.jar
2025-08-14 20:05:20,113 [Worker-48: Launching TodoList-cli] INFO  o.eclipse.m2e.core.internal.Bundles - 	Entry: C:\Users\hbui3\.p2\pool\plugins\org.eclipse.m2e.maven.runtime_3.9.900.20250220-2013\jars\jcl-over-slf4j-1.7.36.jar
2025-08-14 20:05:20,113 [Worker-49: Launching TodoList-cli] INFO  o.eclipse.m2e.core.internal.Bundles - 	Entry: C:\Users\hbui3\.p2\pool\plugins\org.eclipse.m2e.maven.runtime_3.9.900.20250220-2013\jars\maven-artifact-3.9.9.jar
2025-08-14 20:05:20,113 [Worker-49: Launching TodoList-cli] INFO  o.eclipse.m2e.core.internal.Bundles - 	Entry: C:\Users\hbui3\.p2\pool\plugins\org.eclipse.m2e.maven.runtime_3.9.900.20250220-2013\jars\maven-builder-support-3.9.9.jar
2025-08-14 20:05:20,113 [Worker-48: Launching TodoList-cli] INFO  o.eclipse.m2e.core.internal.Bundles - 	Entry: C:\Users\hbui3\.p2\pool\plugins\org.eclipse.m2e.maven.runtime_3.9.900.20250220-2013\jars\maven-artifact-3.9.9.jar
2025-08-14 20:05:20,113 [Worker-49: Launching TodoList-cli] INFO  o.eclipse.m2e.core.internal.Bundles - 	Entry: C:\Users\hbui3\.p2\pool\plugins\org.eclipse.m2e.maven.runtime_3.9.900.20250220-2013\jars\maven-compat-3.9.9.jar
2025-08-14 20:05:20,114 [Worker-48: Launching TodoList-cli] INFO  o.eclipse.m2e.core.internal.Bundles - 	Entry: C:\Users\hbui3\.p2\pool\plugins\org.eclipse.m2e.maven.runtime_3.9.900.20250220-2013\jars\maven-builder-support-3.9.9.jar
2025-08-14 20:05:20,114 [Worker-49: Launching TodoList-cli] INFO  o.eclipse.m2e.core.internal.Bundles - 	Entry: C:\Users\hbui3\.p2\pool\plugins\org.eclipse.m2e.maven.runtime_3.9.900.20250220-2013\jars\maven-core-3.9.9.jar
2025-08-14 20:05:20,114 [Worker-48: Launching TodoList-cli] INFO  o.eclipse.m2e.core.internal.Bundles - 	Entry: C:\Users\hbui3\.p2\pool\plugins\org.eclipse.m2e.maven.runtime_3.9.900.20250220-2013\jars\maven-compat-3.9.9.jar
2025-08-14 20:05:20,114 [Worker-49: Launching TodoList-cli] INFO  o.eclipse.m2e.core.internal.Bundles - 	Entry: C:\Users\hbui3\.p2\pool\plugins\org.eclipse.m2e.maven.runtime_3.9.900.20250220-2013\jars\maven-embedder-3.9.9.jar
2025-08-14 20:05:20,114 [Worker-48: Launching TodoList-cli] INFO  o.eclipse.m2e.core.internal.Bundles - 	Entry: C:\Users\hbui3\.p2\pool\plugins\org.eclipse.m2e.maven.runtime_3.9.900.20250220-2013\jars\maven-core-3.9.9.jar
2025-08-14 20:05:20,114 [Worker-49: Launching TodoList-cli] INFO  o.eclipse.m2e.core.internal.Bundles - 	Entry: C:\Users\hbui3\.p2\pool\plugins\org.eclipse.m2e.maven.runtime_3.9.900.20250220-2013\jars\maven-model-3.9.9.jar
2025-08-14 20:05:20,114 [Worker-48: Launching TodoList-cli] INFO  o.eclipse.m2e.core.internal.Bundles - 	Entry: C:\Users\hbui3\.p2\pool\plugins\org.eclipse.m2e.maven.runtime_3.9.900.20250220-2013\jars\maven-embedder-3.9.9.jar
2025-08-14 20:05:20,114 [Worker-49: Launching TodoList-cli] INFO  o.eclipse.m2e.core.internal.Bundles - 	Entry: C:\Users\hbui3\.p2\pool\plugins\org.eclipse.m2e.maven.runtime_3.9.900.20250220-2013\jars\maven-model-builder-3.9.9.jar
2025-08-14 20:05:20,114 [Worker-48: Launching TodoList-cli] INFO  o.eclipse.m2e.core.internal.Bundles - 	Entry: C:\Users\hbui3\.p2\pool\plugins\org.eclipse.m2e.maven.runtime_3.9.900.20250220-2013\jars\maven-model-3.9.9.jar
2025-08-14 20:05:20,114 [Worker-49: Launching TodoList-cli] INFO  o.eclipse.m2e.core.internal.Bundles - 	Entry: C:\Users\hbui3\.p2\pool\plugins\org.eclipse.m2e.maven.runtime_3.9.900.20250220-2013\jars\maven-plugin-api-3.9.9.jar
2025-08-14 20:05:20,114 [Worker-49: Launching TodoList-cli] INFO  o.eclipse.m2e.core.internal.Bundles - 	Entry: C:\Users\hbui3\.p2\pool\plugins\org.eclipse.m2e.maven.runtime_3.9.900.20250220-2013\jars\maven-repository-metadata-3.9.9.jar
2025-08-14 20:05:20,114 [Worker-48: Launching TodoList-cli] INFO  o.eclipse.m2e.core.internal.Bundles - 	Entry: C:\Users\hbui3\.p2\pool\plugins\org.eclipse.m2e.maven.runtime_3.9.900.20250220-2013\jars\maven-model-builder-3.9.9.jar
2025-08-14 20:05:20,114 [Worker-49: Launching TodoList-cli] INFO  o.eclipse.m2e.core.internal.Bundles - 	Entry: C:\Users\hbui3\.p2\pool\plugins\org.eclipse.m2e.maven.runtime_3.9.900.20250220-2013\jars\maven-resolver-api-1.9.22.jar
2025-08-14 20:05:20,114 [Worker-48: Launching TodoList-cli] INFO  o.eclipse.m2e.core.internal.Bundles - 	Entry: C:\Users\hbui3\.p2\pool\plugins\org.eclipse.m2e.maven.runtime_3.9.900.20250220-2013\jars\maven-plugin-api-3.9.9.jar
2025-08-14 20:05:20,115 [Worker-49: Launching TodoList-cli] INFO  o.eclipse.m2e.core.internal.Bundles - 	Entry: C:\Users\hbui3\.p2\pool\plugins\org.eclipse.m2e.maven.runtime_3.9.900.20250220-2013\jars\maven-resolver-connector-basic-1.9.22.jar
2025-08-14 20:05:20,115 [Worker-48: Launching TodoList-cli] INFO  o.eclipse.m2e.core.internal.Bundles - 	Entry: C:\Users\hbui3\.p2\pool\plugins\org.eclipse.m2e.maven.runtime_3.9.900.20250220-2013\jars\maven-repository-metadata-3.9.9.jar
2025-08-14 20:05:20,115 [Worker-49: Launching TodoList-cli] INFO  o.eclipse.m2e.core.internal.Bundles - 	Entry: C:\Users\hbui3\.p2\pool\plugins\org.eclipse.m2e.maven.runtime_3.9.900.20250220-2013\jars\maven-resolver-impl-1.9.22.jar
2025-08-14 20:05:20,115 [Worker-48: Launching TodoList-cli] INFO  o.eclipse.m2e.core.internal.Bundles - 	Entry: C:\Users\hbui3\.p2\pool\plugins\org.eclipse.m2e.maven.runtime_3.9.900.20250220-2013\jars\maven-resolver-api-1.9.22.jar
2025-08-14 20:05:20,115 [Worker-49: Launching TodoList-cli] INFO  o.eclipse.m2e.core.internal.Bundles - 	Entry: C:\Users\hbui3\.p2\pool\plugins\org.eclipse.m2e.maven.runtime_3.9.900.20250220-2013\jars\maven-resolver-named-locks-1.9.22.jar
2025-08-14 20:05:20,115 [Worker-48: Launching TodoList-cli] INFO  o.eclipse.m2e.core.internal.Bundles - 	Entry: C:\Users\hbui3\.p2\pool\plugins\org.eclipse.m2e.maven.runtime_3.9.900.20250220-2013\jars\maven-resolver-connector-basic-1.9.22.jar
2025-08-14 20:05:20,115 [Worker-49: Launching TodoList-cli] INFO  o.eclipse.m2e.core.internal.Bundles - 	Entry: C:\Users\hbui3\.p2\pool\plugins\org.eclipse.m2e.maven.runtime_3.9.900.20250220-2013\jars\maven-resolver-provider-3.9.9.jar
2025-08-14 20:05:20,115 [Worker-48: Launching TodoList-cli] INFO  o.eclipse.m2e.core.internal.Bundles - 	Entry: C:\Users\hbui3\.p2\pool\plugins\org.eclipse.m2e.maven.runtime_3.9.900.20250220-2013\jars\maven-resolver-impl-1.9.22.jar
2025-08-14 20:05:20,115 [Worker-49: Launching TodoList-cli] INFO  o.eclipse.m2e.core.internal.Bundles - 	Entry: C:\Users\hbui3\.p2\pool\plugins\org.eclipse.m2e.maven.runtime_3.9.900.20250220-2013\jars\maven-resolver-spi-1.9.22.jar
2025-08-14 20:05:20,115 [Worker-48: Launching TodoList-cli] INFO  o.eclipse.m2e.core.internal.Bundles - 	Entry: C:\Users\hbui3\.p2\pool\plugins\org.eclipse.m2e.maven.runtime_3.9.900.20250220-2013\jars\maven-resolver-named-locks-1.9.22.jar
2025-08-14 20:05:20,115 [Worker-49: Launching TodoList-cli] INFO  o.eclipse.m2e.core.internal.Bundles - 	Entry: C:\Users\hbui3\.p2\pool\plugins\org.eclipse.m2e.maven.runtime_3.9.900.20250220-2013\jars\maven-resolver-transport-file-1.9.22.jar
2025-08-14 20:05:20,115 [Worker-48: Launching TodoList-cli] INFO  o.eclipse.m2e.core.internal.Bundles - 	Entry: C:\Users\hbui3\.p2\pool\plugins\org.eclipse.m2e.maven.runtime_3.9.900.20250220-2013\jars\maven-resolver-provider-3.9.9.jar
2025-08-14 20:05:20,115 [Worker-49: Launching TodoList-cli] INFO  o.eclipse.m2e.core.internal.Bundles - 	Entry: C:\Users\hbui3\.p2\pool\plugins\org.eclipse.m2e.maven.runtime_3.9.900.20250220-2013\jars\maven-resolver-transport-http-1.9.22.jar
2025-08-14 20:05:20,115 [Worker-48: Launching TodoList-cli] INFO  o.eclipse.m2e.core.internal.Bundles - 	Entry: C:\Users\hbui3\.p2\pool\plugins\org.eclipse.m2e.maven.runtime_3.9.900.20250220-2013\jars\maven-resolver-spi-1.9.22.jar
2025-08-14 20:05:20,116 [Worker-48: Launching TodoList-cli] INFO  o.eclipse.m2e.core.internal.Bundles - 	Entry: C:\Users\hbui3\.p2\pool\plugins\org.eclipse.m2e.maven.runtime_3.9.900.20250220-2013\jars\maven-resolver-transport-file-1.9.22.jar
2025-08-14 20:05:20,116 [Worker-49: Launching TodoList-cli] INFO  o.eclipse.m2e.core.internal.Bundles - 	Entry: C:\Users\hbui3\.p2\pool\plugins\org.eclipse.m2e.maven.runtime_3.9.900.20250220-2013\jars\maven-resolver-transport-wagon-1.9.22.jar
2025-08-14 20:05:20,116 [Worker-48: Launching TodoList-cli] INFO  o.eclipse.m2e.core.internal.Bundles - 	Entry: C:\Users\hbui3\.p2\pool\plugins\org.eclipse.m2e.maven.runtime_3.9.900.20250220-2013\jars\maven-resolver-transport-http-1.9.22.jar
2025-08-14 20:05:20,116 [Worker-49: Launching TodoList-cli] INFO  o.eclipse.m2e.core.internal.Bundles - 	Entry: C:\Users\hbui3\.p2\pool\plugins\org.eclipse.m2e.maven.runtime_3.9.900.20250220-2013\jars\maven-resolver-util-1.9.22.jar
2025-08-14 20:05:20,116 [Worker-48: Launching TodoList-cli] INFO  o.eclipse.m2e.core.internal.Bundles - 	Entry: C:\Users\hbui3\.p2\pool\plugins\org.eclipse.m2e.maven.runtime_3.9.900.20250220-2013\jars\maven-resolver-transport-wagon-1.9.22.jar
2025-08-14 20:05:20,116 [Worker-49: Launching TodoList-cli] INFO  o.eclipse.m2e.core.internal.Bundles - 	Entry: C:\Users\hbui3\.p2\pool\plugins\org.eclipse.m2e.maven.runtime_3.9.900.20250220-2013\jars\maven-settings-3.9.9.jar
2025-08-14 20:05:20,116 [Worker-48: Launching TodoList-cli] INFO  o.eclipse.m2e.core.internal.Bundles - 	Entry: C:\Users\hbui3\.p2\pool\plugins\org.eclipse.m2e.maven.runtime_3.9.900.20250220-2013\jars\maven-resolver-util-1.9.22.jar
2025-08-14 20:05:20,116 [Worker-48: Launching TodoList-cli] INFO  o.eclipse.m2e.core.internal.Bundles - 	Entry: C:\Users\hbui3\.p2\pool\plugins\org.eclipse.m2e.maven.runtime_3.9.900.20250220-2013\jars\maven-settings-3.9.9.jar
2025-08-14 20:05:20,116 [Worker-49: Launching TodoList-cli] INFO  o.eclipse.m2e.core.internal.Bundles - 	Entry: C:\Users\hbui3\.p2\pool\plugins\org.eclipse.m2e.maven.runtime_3.9.900.20250220-2013\jars\maven-settings-builder-3.9.9.jar
2025-08-14 20:05:20,116 [Worker-48: Launching TodoList-cli] INFO  o.eclipse.m2e.core.internal.Bundles - 	Entry: C:\Users\hbui3\.p2\pool\plugins\org.eclipse.m2e.maven.runtime_3.9.900.20250220-2013\jars\maven-settings-builder-3.9.9.jar
2025-08-14 20:05:20,116 [Worker-49: Launching TodoList-cli] INFO  o.eclipse.m2e.core.internal.Bundles - 	Entry: C:\Users\hbui3\.p2\pool\plugins\org.eclipse.m2e.maven.runtime_3.9.900.20250220-2013\jars\maven-shared-utils-3.4.2.jar
2025-08-14 20:05:20,116 [Worker-48: Launching TodoList-cli] INFO  o.eclipse.m2e.core.internal.Bundles - 	Entry: C:\Users\hbui3\.p2\pool\plugins\org.eclipse.m2e.maven.runtime_3.9.900.20250220-2013\jars\maven-shared-utils-3.4.2.jar
2025-08-14 20:05:20,116 [Worker-49: Launching TodoList-cli] INFO  o.eclipse.m2e.core.internal.Bundles - 	Entry: C:\Users\hbui3\.p2\pool\plugins\org.eclipse.m2e.maven.runtime_3.9.900.20250220-2013\jars\org.eclipse.sisu.inject-0.9.0.M3.jar
2025-08-14 20:05:20,116 [Worker-48: Launching TodoList-cli] INFO  o.eclipse.m2e.core.internal.Bundles - 	Entry: C:\Users\hbui3\.p2\pool\plugins\org.eclipse.m2e.maven.runtime_3.9.900.20250220-2013\jars\org.eclipse.sisu.inject-0.9.0.M3.jar
2025-08-14 20:05:20,116 [Worker-49: Launching TodoList-cli] INFO  o.eclipse.m2e.core.internal.Bundles - 	Entry: C:\Users\hbui3\.p2\pool\plugins\org.eclipse.m2e.maven.runtime_3.9.900.20250220-2013\jars\org.eclipse.sisu.plexus-0.9.0.M3.jar
2025-08-14 20:05:20,116 [Worker-48: Launching TodoList-cli] INFO  o.eclipse.m2e.core.internal.Bundles - 	Entry: C:\Users\hbui3\.p2\pool\plugins\org.eclipse.m2e.maven.runtime_3.9.900.20250220-2013\jars\org.eclipse.sisu.plexus-0.9.0.M3.jar
2025-08-14 20:05:20,117 [Worker-49: Launching TodoList-cli] INFO  o.eclipse.m2e.core.internal.Bundles - 	Entry: C:\Users\hbui3\.p2\pool\plugins\org.eclipse.m2e.maven.runtime_3.9.900.20250220-2013\jars\plexus-build-api-0.0.7.jar
2025-08-14 20:05:20,117 [Worker-48: Launching TodoList-cli] INFO  o.eclipse.m2e.core.internal.Bundles - 	Entry: C:\Users\hbui3\.p2\pool\plugins\org.eclipse.m2e.maven.runtime_3.9.900.20250220-2013\jars\plexus-build-api-0.0.7.jar
2025-08-14 20:05:20,117 [Worker-49: Launching TodoList-cli] INFO  o.eclipse.m2e.core.internal.Bundles - 	Entry: C:\Users\hbui3\.p2\pool\plugins\org.eclipse.m2e.maven.runtime_3.9.900.20250220-2013\jars\plexus-build-api-1.2.0.jar
2025-08-14 20:05:20,117 [Worker-48: Launching TodoList-cli] INFO  o.eclipse.m2e.core.internal.Bundles - 	Entry: C:\Users\hbui3\.p2\pool\plugins\org.eclipse.m2e.maven.runtime_3.9.900.20250220-2013\jars\plexus-build-api-1.2.0.jar
2025-08-14 20:05:20,117 [Worker-49: Launching TodoList-cli] INFO  o.eclipse.m2e.core.internal.Bundles - 	Entry: C:\Users\hbui3\.p2\pool\plugins\org.eclipse.m2e.maven.runtime_3.9.900.20250220-2013\jars\plexus-cipher-2.0.jar
2025-08-14 20:05:20,117 [Worker-48: Launching TodoList-cli] INFO  o.eclipse.m2e.core.internal.Bundles - 	Entry: C:\Users\hbui3\.p2\pool\plugins\org.eclipse.m2e.maven.runtime_3.9.900.20250220-2013\jars\plexus-cipher-2.0.jar
2025-08-14 20:05:20,117 [Worker-49: Launching TodoList-cli] INFO  o.eclipse.m2e.core.internal.Bundles - 	Entry: C:\Users\hbui3\.p2\pool\plugins\org.eclipse.m2e.maven.runtime_3.9.900.20250220-2013\jars\plexus-classworlds-2.8.0.jar
2025-08-14 20:05:20,117 [Worker-49: Launching TodoList-cli] INFO  o.eclipse.m2e.core.internal.Bundles - 	Entry: C:\Users\hbui3\.p2\pool\plugins\org.eclipse.m2e.maven.runtime_3.9.900.20250220-2013\jars\plexus-component-annotations-2.1.0.jar
2025-08-14 20:05:20,117 [Worker-48: Launching TodoList-cli] INFO  o.eclipse.m2e.core.internal.Bundles - 	Entry: C:\Users\hbui3\.p2\pool\plugins\org.eclipse.m2e.maven.runtime_3.9.900.20250220-2013\jars\plexus-classworlds-2.8.0.jar
2025-08-14 20:05:20,117 [Worker-49: Launching TodoList-cli] INFO  o.eclipse.m2e.core.internal.Bundles - 	Entry: C:\Users\hbui3\.p2\pool\plugins\org.eclipse.m2e.maven.runtime_3.9.900.20250220-2013\jars\plexus-interpolation-1.27.jar
2025-08-14 20:05:20,117 [Worker-48: Launching TodoList-cli] INFO  o.eclipse.m2e.core.internal.Bundles - 	Entry: C:\Users\hbui3\.p2\pool\plugins\org.eclipse.m2e.maven.runtime_3.9.900.20250220-2013\jars\plexus-component-annotations-2.1.0.jar
2025-08-14 20:05:20,117 [Worker-49: Launching TodoList-cli] INFO  o.eclipse.m2e.core.internal.Bundles - 	Entry: C:\Users\hbui3\.p2\pool\plugins\org.eclipse.m2e.maven.runtime_3.9.900.20250220-2013\jars\plexus-sec-dispatcher-2.0.jar
2025-08-14 20:05:20,117 [Worker-48: Launching TodoList-cli] INFO  o.eclipse.m2e.core.internal.Bundles - 	Entry: C:\Users\hbui3\.p2\pool\plugins\org.eclipse.m2e.maven.runtime_3.9.900.20250220-2013\jars\plexus-interpolation-1.27.jar
2025-08-14 20:05:20,117 [Worker-49: Launching TodoList-cli] INFO  o.eclipse.m2e.core.internal.Bundles - 	Entry: C:\Users\hbui3\.p2\pool\plugins\org.eclipse.m2e.maven.runtime_3.9.900.20250220-2013\jars\plexus-utils-3.5.1.jar
2025-08-14 20:05:20,118 [Worker-48: Launching TodoList-cli] INFO  o.eclipse.m2e.core.internal.Bundles - 	Entry: C:\Users\hbui3\.p2\pool\plugins\org.eclipse.m2e.maven.runtime_3.9.900.20250220-2013\jars\plexus-sec-dispatcher-2.0.jar
2025-08-14 20:05:20,118 [Worker-49: Launching TodoList-cli] INFO  o.eclipse.m2e.core.internal.Bundles - 	Entry: C:\Users\hbui3\.p2\pool\plugins\org.eclipse.m2e.maven.runtime_3.9.900.20250220-2013\jars\plexus-xml-3.0.1.jar
2025-08-14 20:05:20,118 [Worker-48: Launching TodoList-cli] INFO  o.eclipse.m2e.core.internal.Bundles - 	Entry: C:\Users\hbui3\.p2\pool\plugins\org.eclipse.m2e.maven.runtime_3.9.900.20250220-2013\jars\plexus-utils-3.5.1.jar
2025-08-14 20:05:20,118 [Worker-49: Launching TodoList-cli] INFO  o.eclipse.m2e.core.internal.Bundles - 	Entry: C:\Users\hbui3\.p2\pool\plugins\org.eclipse.m2e.maven.runtime_3.9.900.20250220-2013\jars\wagon-file-3.5.3.jar
2025-08-14 20:05:20,118 [Worker-48: Launching TodoList-cli] INFO  o.eclipse.m2e.core.internal.Bundles - 	Entry: C:\Users\hbui3\.p2\pool\plugins\org.eclipse.m2e.maven.runtime_3.9.900.20250220-2013\jars\plexus-xml-3.0.1.jar
2025-08-14 20:05:20,118 [Worker-49: Launching TodoList-cli] INFO  o.eclipse.m2e.core.internal.Bundles - 	Entry: C:\Users\hbui3\.p2\pool\plugins\org.eclipse.m2e.maven.runtime_3.9.900.20250220-2013\jars\wagon-http-3.5.3.jar
2025-08-14 20:05:20,118 [Worker-48: Launching TodoList-cli] INFO  o.eclipse.m2e.core.internal.Bundles - 	Entry: C:\Users\hbui3\.p2\pool\plugins\org.eclipse.m2e.maven.runtime_3.9.900.20250220-2013\jars\wagon-file-3.5.3.jar
2025-08-14 20:05:20,118 [Worker-49: Launching TodoList-cli] INFO  o.eclipse.m2e.core.internal.Bundles - 	Entry: C:\Users\hbui3\.p2\pool\plugins\org.eclipse.m2e.maven.runtime_3.9.900.20250220-2013\jars\wagon-http-shared-3.5.3.jar
2025-08-14 20:05:20,118 [Worker-48: Launching TodoList-cli] INFO  o.eclipse.m2e.core.internal.Bundles - 	Entry: C:\Users\hbui3\.p2\pool\plugins\org.eclipse.m2e.maven.runtime_3.9.900.20250220-2013\jars\wagon-http-3.5.3.jar
2025-08-14 20:05:20,119 [Worker-49: Launching TodoList-cli] INFO  o.eclipse.m2e.core.internal.Bundles - 	Entry: C:\Users\hbui3\.p2\pool\plugins\org.eclipse.m2e.maven.runtime_3.9.900.20250220-2013\jars\wagon-provider-api-3.5.3.jar
2025-08-14 20:05:20,119 [Worker-48: Launching TodoList-cli] INFO  o.eclipse.m2e.core.internal.Bundles - 	Entry: C:\Users\hbui3\.p2\pool\plugins\org.eclipse.m2e.maven.runtime_3.9.900.20250220-2013\jars\wagon-http-shared-3.5.3.jar
2025-08-14 20:05:20,119 [Worker-48: Launching TodoList-cli] INFO  o.eclipse.m2e.core.internal.Bundles - 	Entry: C:\Users\hbui3\.p2\pool\plugins\org.eclipse.m2e.maven.runtime_3.9.900.20250220-2013\jars\wagon-provider-api-3.5.3.jar
2025-08-14 20:05:20,119 [Worker-49: Launching TodoList-cli] INFO  o.eclipse.m2e.core.internal.Bundles - getClasspathEntries(Bundle=com.google.guava_33.4.8.jre [13])
2025-08-14 20:05:20,119 [Worker-48: Launching TodoList-cli] INFO  o.eclipse.m2e.core.internal.Bundles - getClasspathEntries(Bundle=com.google.guava_33.4.8.jre [13])
2025-08-14 20:05:20,119 [Worker-49: Launching TodoList-cli] INFO  o.eclipse.m2e.core.internal.Bundles - 	Entry: C:\Users\hbui3\.p2\pool\plugins\com.google.guava_33.4.8.jre.jar
2025-08-14 20:05:20,119 [Worker-49: Launching TodoList-cli] INFO  o.eclipse.m2e.core.internal.Bundles - getClasspathEntries(Bundle=slf4j.api_2.0.17 [522])
2025-08-14 20:05:20,120 [Worker-48: Launching TodoList-cli] INFO  o.eclipse.m2e.core.internal.Bundles - 	Entry: C:\Users\hbui3\.p2\pool\plugins\com.google.guava_33.4.8.jre.jar
2025-08-14 20:05:20,120 [Worker-49: Launching TodoList-cli] INFO  o.eclipse.m2e.core.internal.Bundles - 	Entry: C:\Users\hbui3\.p2\pool\plugins\slf4j.api_2.0.17.jar
2025-08-14 20:05:20,120 [Worker-48: Launching TodoList-cli] INFO  o.eclipse.m2e.core.internal.Bundles - getClasspathEntries(Bundle=slf4j.api_2.0.17 [522])
2025-08-14 20:05:20,120 [Worker-49: Launching TodoList-cli] INFO  o.eclipse.m2e.core.internal.Bundles - getClasspathEntries(Bundle=jakarta.inject.jakarta.inject-api_1.0.5 [24])
2025-08-14 20:05:20,120 [Worker-48: Launching TodoList-cli] INFO  o.eclipse.m2e.core.internal.Bundles - 	Entry: C:\Users\hbui3\.p2\pool\plugins\slf4j.api_2.0.17.jar
2025-08-14 20:05:20,120 [Worker-49: Launching TodoList-cli] INFO  o.eclipse.m2e.core.internal.Bundles - 	Entry: C:\Users\hbui3\.p2\pool\plugins\jakarta.inject.jakarta.inject-api_1.0.5.jar
2025-08-14 20:05:20,120 [Worker-48: Launching TodoList-cli] INFO  o.eclipse.m2e.core.internal.Bundles - getClasspathEntries(Bundle=jakarta.inject.jakarta.inject-api_1.0.5 [24])
2025-08-14 20:05:20,120 [Worker-49: Launching TodoList-cli] INFO  o.eclipse.m2e.core.internal.Bundles - getClasspathEntries(Bundle=javax.annotation_1.3.5.v20200909-1856 [27])
2025-08-14 20:05:20,120 [Worker-48: Launching TodoList-cli] INFO  o.eclipse.m2e.core.internal.Bundles - 	Entry: C:\Users\hbui3\.p2\pool\plugins\jakarta.inject.jakarta.inject-api_1.0.5.jar
2025-08-14 20:05:20,120 [Worker-49: Launching TodoList-cli] INFO  o.eclipse.m2e.core.internal.Bundles - 	Entry: C:\Users\hbui3\.p2\pool\plugins\javax.annotation_1.3.5.v20200909-1856.jar
2025-08-14 20:05:20,121 [Worker-48: Launching TodoList-cli] INFO  o.eclipse.m2e.core.internal.Bundles - getClasspathEntries(Bundle=javax.annotation_1.3.5.v20200909-1856 [27])
2025-08-14 20:05:20,121 [Worker-49: Launching TodoList-cli] INFO  o.eclipse.m2e.core.internal.Bundles - getClasspathEntries(Bundle=org.apache.commons.cli_1.9.0 [49])
2025-08-14 20:05:20,121 [Worker-48: Launching TodoList-cli] INFO  o.eclipse.m2e.core.internal.Bundles - 	Entry: C:\Users\hbui3\.p2\pool\plugins\javax.annotation_1.3.5.v20200909-1856.jar
2025-08-14 20:05:20,121 [Worker-48: Launching TodoList-cli] INFO  o.eclipse.m2e.core.internal.Bundles - getClasspathEntries(Bundle=org.apache.commons.cli_1.9.0 [49])
2025-08-14 20:05:20,121 [Worker-49: Launching TodoList-cli] INFO  o.eclipse.m2e.core.internal.Bundles - 	Entry: C:\Users\hbui3\.p2\pool\plugins\org.apache.commons.cli_1.9.0.jar
2025-08-14 20:05:20,121 [Worker-49: Launching TodoList-cli] INFO  o.eclipse.m2e.core.internal.Bundles - getClasspathEntries(Bundle=org.apache.commons.commons-codec_1.19.0 [553])
2025-08-14 20:05:20,121 [Worker-48: Launching TodoList-cli] INFO  o.eclipse.m2e.core.internal.Bundles - 	Entry: C:\Users\hbui3\.p2\pool\plugins\org.apache.commons.cli_1.9.0.jar
2025-08-14 20:05:20,121 [Worker-48: Launching TodoList-cli] INFO  o.eclipse.m2e.core.internal.Bundles - getClasspathEntries(Bundle=org.apache.commons.commons-codec_1.19.0 [553])
2025-08-14 20:05:20,121 [Worker-49: Launching TodoList-cli] INFO  o.eclipse.m2e.core.internal.Bundles - 	Entry: C:\Users\hbui3\.p2\pool\plugins\org.apache.commons.commons-codec_1.19.0.jar
2025-08-14 20:05:20,121 [Worker-49: Launching TodoList-cli] INFO  o.eclipse.m2e.core.internal.Bundles - getClasspathEntries(Bundle=com.google.guava.failureaccess_1.0.3 [14])
2025-08-14 20:05:20,121 [Worker-48: Launching TodoList-cli] INFO  o.eclipse.m2e.core.internal.Bundles - 	Entry: C:\Users\hbui3\.p2\pool\plugins\org.apache.commons.commons-codec_1.19.0.jar
2025-08-14 20:05:20,121 [Worker-48: Launching TodoList-cli] INFO  o.eclipse.m2e.core.internal.Bundles - getClasspathEntries(Bundle=com.google.guava.failureaccess_1.0.3 [14])
2025-08-14 20:05:20,121 [Worker-49: Launching TodoList-cli] INFO  o.eclipse.m2e.core.internal.Bundles - 	Entry: C:\Users\hbui3\.p2\pool\plugins\com.google.guava.failureaccess_1.0.3.jar
2025-08-14 20:05:20,122 [Worker-48: Launching TodoList-cli] INFO  o.eclipse.m2e.core.internal.Bundles - 	Entry: C:\Users\hbui3\.p2\pool\plugins\com.google.guava.failureaccess_1.0.3.jar
2025-08-14 20:05:20,125 [Worker-49: Launching TodoList-cli] INFO  o.e.m.i.launch.MavenLaunchDelegate - Run build in "C:\Users\hbui3\OneDrive\Desktop\Java-prj\Todo-cli\TodoList-cli":
2025-08-14 20:05:20,125 [Worker-48: Launching TodoList-cli] INFO  o.e.m.i.launch.MavenLaunchDelegate - Run build in "C:\Users\hbui3\OneDrive\Desktop\Java-prj\Todo-cli\TodoList-cli":
2025-08-14 20:05:20,125 [Worker-49: Launching TodoList-cli] INFO  o.e.m.i.launch.MavenLaunchDelegate -  mvn  -B -Dstyle.color=always 
2025-08-14 20:05:20,125 [Worker-48: Launching TodoList-cli] INFO  o.e.m.i.launch.MavenLaunchDelegate -  mvn  -B -Dstyle.color=always 
2025-08-14 20:05:20,273 [Worker-47: Updating Maven Project] INFO  o.e.m.c.i.l.LifecycleMappingFactory - Using org.eclipse.m2e.jdt.JarLifecycleMapping lifecycle mapping for MavenProject: com.Cornelius:TodoList-cli:1.0.0 @ C:\Users\hbui3\OneDrive\Desktop\Java-prj\Todo-cli\TodoList-cli\pom.xml.
2025-08-14 20:05:21,329 [Worker-47: Updating Maven Project] INFO  o.e.m.j.i.AbstractJavaProjectConfigurator - Adding source folder /TodoList-cli/src
2025-08-14 20:05:21,330 [Worker-47: Updating Maven Project] INFO  o.e.m.j.i.AbstractJavaProjectConfigurator - Resources folder /TodoList-cli/src overlaps with sources folder /TodoList-cli/src
2025-08-14 20:05:21,331 [Worker-47: Updating Maven Project] INFO  o.e.m.j.i.AbstractJavaProjectConfigurator - Not adding source folder /TodoList-cli/src/test/java because it overlaps with /TodoList-cli/src
2025-08-14 20:05:21,331 [Worker-47: Updating Maven Project] INFO  o.e.m.j.i.AbstractJavaProjectConfigurator - Resources folder /TodoList-cli/src/test/resources overlaps with sources folder /TodoList-cli/src
2025-08-14 20:05:21,392 [Worker-47: Updating Maven Project] INFO  o.e.m.jdt.internal.UnitTestSupport - Reset launch configuration name: New_configuration
2025-08-14 20:05:21,392 [Worker-47: Updating Maven Project] INFO  o.e.m.jdt.internal.UnitTestSupport - Updating New_configuration from maven configuration
2025-08-14 20:05:21,568 [Worker-47: Updating Maven Project] INFO  o.e.m.c.i.p.ProjectConfigurationManager - Update completed for 1 poms: local refresh takes 0.00 sec, refresh facades takes 1.00 sec, update config takes 0.00 sec 
2025-08-14 20:05:21,738 [Worker-50: Building] WARN  o.a.m.s.f.DefaultMavenResourcesFiltering - Using platform encoding (UTF-8 actually) to copy filtered resources, i.e. build is platform dependent!
2025-08-14 20:05:21,739 [Worker-50: Building] INFO  o.a.m.s.f.DefaultMavenResourcesFiltering - Copying 4 resources from src to target\classes
2025-08-14 20:05:21,747 [Worker-50: Building] WARN  o.a.m.s.f.DefaultMavenResourcesFiltering - Using platform encoding (UTF-8 actually) to copy filtered resources, i.e. build is platform dependent!
2025-08-14 20:05:21,748 [Worker-50: Building] INFO  o.a.m.s.f.DefaultMavenResourcesFiltering - skip non existing resourceDirectory C:\Users\hbui3\OneDrive\Desktop\Java-prj\Todo-cli\TodoList-cli\src\test\resources
2025-08-14 20:05:24,911 [Worker-48: Launching TodoList-cli] INFO  o.eclipse.m2e.core.internal.Bundles - getClasspathEntries(Bundle=org.eclipse.m2e.maven.runtime_3.9.900.20250220-2013 [299])
2025-08-14 20:05:24,911 [Worker-48: Launching TodoList-cli] INFO  o.eclipse.m2e.core.internal.Bundles - 	Entry: C:\Users\hbui3\.p2\pool\plugins\org.eclipse.m2e.maven.runtime_3.9.900.20250220-2013
2025-08-14 20:05:24,912 [Worker-48: Launching TodoList-cli] INFO  o.eclipse.m2e.core.internal.Bundles - 	Entry: C:\Users\hbui3\.p2\pool\plugins\org.eclipse.m2e.maven.runtime_3.9.900.20250220-2013\jars\aopalliance-1.0.jar
2025-08-14 20:05:24,912 [Worker-48: Launching TodoList-cli] INFO  o.eclipse.m2e.core.internal.Bundles - 	Entry: C:\Users\hbui3\.p2\pool\plugins\org.eclipse.m2e.maven.runtime_3.9.900.20250220-2013\jars\guice-5.1.0.jar
2025-08-14 20:05:24,912 [Worker-48: Launching TodoList-cli] INFO  o.eclipse.m2e.core.internal.Bundles - 	Entry: C:\Users\hbui3\.p2\pool\plugins\org.eclipse.m2e.maven.runtime_3.9.900.20250220-2013\jars\httpclient-4.5.14.jar
2025-08-14 20:05:24,912 [Worker-48: Launching TodoList-cli] INFO  o.eclipse.m2e.core.internal.Bundles - 	Entry: C:\Users\hbui3\.p2\pool\plugins\org.eclipse.m2e.maven.runtime_3.9.900.20250220-2013\jars\httpcore-4.4.16.jar
2025-08-14 20:05:24,912 [Worker-48: Launching TodoList-cli] INFO  o.eclipse.m2e.core.internal.Bundles - 	Entry: C:\Users\hbui3\.p2\pool\plugins\org.eclipse.m2e.maven.runtime_3.9.900.20250220-2013\jars\jansi-2.4.1.jar
2025-08-14 20:05:24,912 [Worker-48: Launching TodoList-cli] INFO  o.eclipse.m2e.core.internal.Bundles - 	Entry: C:\Users\hbui3\.p2\pool\plugins\org.eclipse.m2e.maven.runtime_3.9.900.20250220-2013\jars\jcl-over-slf4j-1.7.36.jar
2025-08-14 20:05:24,912 [Worker-48: Launching TodoList-cli] INFO  o.eclipse.m2e.core.internal.Bundles - 	Entry: C:\Users\hbui3\.p2\pool\plugins\org.eclipse.m2e.maven.runtime_3.9.900.20250220-2013\jars\maven-artifact-3.9.9.jar
2025-08-14 20:05:24,912 [Worker-48: Launching TodoList-cli] INFO  o.eclipse.m2e.core.internal.Bundles - 	Entry: C:\Users\hbui3\.p2\pool\plugins\org.eclipse.m2e.maven.runtime_3.9.900.20250220-2013\jars\maven-builder-support-3.9.9.jar
2025-08-14 20:05:24,913 [Worker-48: Launching TodoList-cli] INFO  o.eclipse.m2e.core.internal.Bundles - 	Entry: C:\Users\hbui3\.p2\pool\plugins\org.eclipse.m2e.maven.runtime_3.9.900.20250220-2013\jars\maven-compat-3.9.9.jar
2025-08-14 20:05:24,913 [Worker-48: Launching TodoList-cli] INFO  o.eclipse.m2e.core.internal.Bundles - 	Entry: C:\Users\hbui3\.p2\pool\plugins\org.eclipse.m2e.maven.runtime_3.9.900.20250220-2013\jars\maven-core-3.9.9.jar
2025-08-14 20:05:24,913 [Worker-48: Launching TodoList-cli] INFO  o.eclipse.m2e.core.internal.Bundles - 	Entry: C:\Users\hbui3\.p2\pool\plugins\org.eclipse.m2e.maven.runtime_3.9.900.20250220-2013\jars\maven-embedder-3.9.9.jar
2025-08-14 20:05:24,913 [Worker-48: Launching TodoList-cli] INFO  o.eclipse.m2e.core.internal.Bundles - 	Entry: C:\Users\hbui3\.p2\pool\plugins\org.eclipse.m2e.maven.runtime_3.9.900.20250220-2013\jars\maven-model-3.9.9.jar
2025-08-14 20:05:24,913 [Worker-48: Launching TodoList-cli] INFO  o.eclipse.m2e.core.internal.Bundles - 	Entry: C:\Users\hbui3\.p2\pool\plugins\org.eclipse.m2e.maven.runtime_3.9.900.20250220-2013\jars\maven-model-builder-3.9.9.jar
2025-08-14 20:05:24,913 [Worker-48: Launching TodoList-cli] INFO  o.eclipse.m2e.core.internal.Bundles - 	Entry: C:\Users\hbui3\.p2\pool\plugins\org.eclipse.m2e.maven.runtime_3.9.900.20250220-2013\jars\maven-plugin-api-3.9.9.jar
2025-08-14 20:05:24,913 [Worker-48: Launching TodoList-cli] INFO  o.eclipse.m2e.core.internal.Bundles - 	Entry: C:\Users\hbui3\.p2\pool\plugins\org.eclipse.m2e.maven.runtime_3.9.900.20250220-2013\jars\maven-repository-metadata-3.9.9.jar
2025-08-14 20:05:24,913 [Worker-48: Launching TodoList-cli] INFO  o.eclipse.m2e.core.internal.Bundles - 	Entry: C:\Users\hbui3\.p2\pool\plugins\org.eclipse.m2e.maven.runtime_3.9.900.20250220-2013\jars\maven-resolver-api-1.9.22.jar
2025-08-14 20:05:24,914 [Worker-48: Launching TodoList-cli] INFO  o.eclipse.m2e.core.internal.Bundles - 	Entry: C:\Users\hbui3\.p2\pool\plugins\org.eclipse.m2e.maven.runtime_3.9.900.20250220-2013\jars\maven-resolver-connector-basic-1.9.22.jar
2025-08-14 20:05:24,914 [Worker-48: Launching TodoList-cli] INFO  o.eclipse.m2e.core.internal.Bundles - 	Entry: C:\Users\hbui3\.p2\pool\plugins\org.eclipse.m2e.maven.runtime_3.9.900.20250220-2013\jars\maven-resolver-impl-1.9.22.jar
2025-08-14 20:05:24,914 [Worker-48: Launching TodoList-cli] INFO  o.eclipse.m2e.core.internal.Bundles - 	Entry: C:\Users\hbui3\.p2\pool\plugins\org.eclipse.m2e.maven.runtime_3.9.900.20250220-2013\jars\maven-resolver-named-locks-1.9.22.jar
2025-08-14 20:05:24,914 [Worker-48: Launching TodoList-cli] INFO  o.eclipse.m2e.core.internal.Bundles - 	Entry: C:\Users\hbui3\.p2\pool\plugins\org.eclipse.m2e.maven.runtime_3.9.900.20250220-2013\jars\maven-resolver-provider-3.9.9.jar
2025-08-14 20:05:24,914 [Worker-48: Launching TodoList-cli] INFO  o.eclipse.m2e.core.internal.Bundles - 	Entry: C:\Users\hbui3\.p2\pool\plugins\org.eclipse.m2e.maven.runtime_3.9.900.20250220-2013\jars\maven-resolver-spi-1.9.22.jar
2025-08-14 20:05:24,914 [Worker-48: Launching TodoList-cli] INFO  o.eclipse.m2e.core.internal.Bundles - 	Entry: C:\Users\hbui3\.p2\pool\plugins\org.eclipse.m2e.maven.runtime_3.9.900.20250220-2013\jars\maven-resolver-transport-file-1.9.22.jar
2025-08-14 20:05:24,914 [Worker-48: Launching TodoList-cli] INFO  o.eclipse.m2e.core.internal.Bundles - 	Entry: C:\Users\hbui3\.p2\pool\plugins\org.eclipse.m2e.maven.runtime_3.9.900.20250220-2013\jars\maven-resolver-transport-http-1.9.22.jar
2025-08-14 20:05:24,914 [Worker-48: Launching TodoList-cli] INFO  o.eclipse.m2e.core.internal.Bundles - 	Entry: C:\Users\hbui3\.p2\pool\plugins\org.eclipse.m2e.maven.runtime_3.9.900.20250220-2013\jars\maven-resolver-transport-wagon-1.9.22.jar
2025-08-14 20:05:24,915 [Worker-48: Launching TodoList-cli] INFO  o.eclipse.m2e.core.internal.Bundles - 	Entry: C:\Users\hbui3\.p2\pool\plugins\org.eclipse.m2e.maven.runtime_3.9.900.20250220-2013\jars\maven-resolver-util-1.9.22.jar
2025-08-14 20:05:24,915 [Worker-48: Launching TodoList-cli] INFO  o.eclipse.m2e.core.internal.Bundles - 	Entry: C:\Users\hbui3\.p2\pool\plugins\org.eclipse.m2e.maven.runtime_3.9.900.20250220-2013\jars\maven-settings-3.9.9.jar
2025-08-14 20:05:24,915 [Worker-48: Launching TodoList-cli] INFO  o.eclipse.m2e.core.internal.Bundles - 	Entry: C:\Users\hbui3\.p2\pool\plugins\org.eclipse.m2e.maven.runtime_3.9.900.20250220-2013\jars\maven-settings-builder-3.9.9.jar
2025-08-14 20:05:24,915 [Worker-48: Launching TodoList-cli] INFO  o.eclipse.m2e.core.internal.Bundles - 	Entry: C:\Users\hbui3\.p2\pool\plugins\org.eclipse.m2e.maven.runtime_3.9.900.20250220-2013\jars\maven-shared-utils-3.4.2.jar
2025-08-14 20:05:24,915 [Worker-48: Launching TodoList-cli] INFO  o.eclipse.m2e.core.internal.Bundles - 	Entry: C:\Users\hbui3\.p2\pool\plugins\org.eclipse.m2e.maven.runtime_3.9.900.20250220-2013\jars\org.eclipse.sisu.inject-0.9.0.M3.jar
2025-08-14 20:05:24,915 [Worker-48: Launching TodoList-cli] INFO  o.eclipse.m2e.core.internal.Bundles - 	Entry: C:\Users\hbui3\.p2\pool\plugins\org.eclipse.m2e.maven.runtime_3.9.900.20250220-2013\jars\org.eclipse.sisu.plexus-0.9.0.M3.jar
2025-08-14 20:05:24,915 [Worker-48: Launching TodoList-cli] INFO  o.eclipse.m2e.core.internal.Bundles - 	Entry: C:\Users\hbui3\.p2\pool\plugins\org.eclipse.m2e.maven.runtime_3.9.900.20250220-2013\jars\plexus-build-api-0.0.7.jar
2025-08-14 20:05:24,915 [Worker-48: Launching TodoList-cli] INFO  o.eclipse.m2e.core.internal.Bundles - 	Entry: C:\Users\hbui3\.p2\pool\plugins\org.eclipse.m2e.maven.runtime_3.9.900.20250220-2013\jars\plexus-build-api-1.2.0.jar
2025-08-14 20:05:24,915 [Worker-48: Launching TodoList-cli] INFO  o.eclipse.m2e.core.internal.Bundles - 	Entry: C:\Users\hbui3\.p2\pool\plugins\org.eclipse.m2e.maven.runtime_3.9.900.20250220-2013\jars\plexus-cipher-2.0.jar
2025-08-14 20:05:24,916 [Worker-48: Launching TodoList-cli] INFO  o.eclipse.m2e.core.internal.Bundles - 	Entry: C:\Users\hbui3\.p2\pool\plugins\org.eclipse.m2e.maven.runtime_3.9.900.20250220-2013\jars\plexus-classworlds-2.8.0.jar
2025-08-14 20:05:24,916 [Worker-48: Launching TodoList-cli] INFO  o.eclipse.m2e.core.internal.Bundles - 	Entry: C:\Users\hbui3\.p2\pool\plugins\org.eclipse.m2e.maven.runtime_3.9.900.20250220-2013\jars\plexus-component-annotations-2.1.0.jar
2025-08-14 20:05:24,916 [Worker-48: Launching TodoList-cli] INFO  o.eclipse.m2e.core.internal.Bundles - 	Entry: C:\Users\hbui3\.p2\pool\plugins\org.eclipse.m2e.maven.runtime_3.9.900.20250220-2013\jars\plexus-interpolation-1.27.jar
2025-08-14 20:05:24,916 [Worker-48: Launching TodoList-cli] INFO  o.eclipse.m2e.core.internal.Bundles - 	Entry: C:\Users\hbui3\.p2\pool\plugins\org.eclipse.m2e.maven.runtime_3.9.900.20250220-2013\jars\plexus-sec-dispatcher-2.0.jar
2025-08-14 20:05:24,916 [Worker-48: Launching TodoList-cli] INFO  o.eclipse.m2e.core.internal.Bundles - 	Entry: C:\Users\hbui3\.p2\pool\plugins\org.eclipse.m2e.maven.runtime_3.9.900.20250220-2013\jars\plexus-utils-3.5.1.jar
2025-08-14 20:05:24,916 [Worker-48: Launching TodoList-cli] INFO  o.eclipse.m2e.core.internal.Bundles - 	Entry: C:\Users\hbui3\.p2\pool\plugins\org.eclipse.m2e.maven.runtime_3.9.900.20250220-2013\jars\plexus-xml-3.0.1.jar
2025-08-14 20:05:24,916 [Worker-48: Launching TodoList-cli] INFO  o.eclipse.m2e.core.internal.Bundles - 	Entry: C:\Users\hbui3\.p2\pool\plugins\org.eclipse.m2e.maven.runtime_3.9.900.20250220-2013\jars\wagon-file-3.5.3.jar
2025-08-14 20:05:24,917 [Worker-48: Launching TodoList-cli] INFO  o.eclipse.m2e.core.internal.Bundles - 	Entry: C:\Users\hbui3\.p2\pool\plugins\org.eclipse.m2e.maven.runtime_3.9.900.20250220-2013\jars\wagon-http-3.5.3.jar
2025-08-14 20:05:24,917 [Worker-48: Launching TodoList-cli] INFO  o.eclipse.m2e.core.internal.Bundles - 	Entry: C:\Users\hbui3\.p2\pool\plugins\org.eclipse.m2e.maven.runtime_3.9.900.20250220-2013\jars\wagon-http-shared-3.5.3.jar
2025-08-14 20:05:24,917 [Worker-48: Launching TodoList-cli] INFO  o.eclipse.m2e.core.internal.Bundles - 	Entry: C:\Users\hbui3\.p2\pool\plugins\org.eclipse.m2e.maven.runtime_3.9.900.20250220-2013\jars\wagon-provider-api-3.5.3.jar
2025-08-14 20:05:24,917 [Worker-48: Launching TodoList-cli] INFO  o.eclipse.m2e.core.internal.Bundles - getClasspathEntries(Bundle=com.google.guava_33.4.8.jre [13])
2025-08-14 20:05:24,917 [Worker-48: Launching TodoList-cli] INFO  o.eclipse.m2e.core.internal.Bundles - 	Entry: C:\Users\hbui3\.p2\pool\plugins\com.google.guava_33.4.8.jre.jar
2025-08-14 20:05:24,917 [Worker-48: Launching TodoList-cli] INFO  o.eclipse.m2e.core.internal.Bundles - getClasspathEntries(Bundle=slf4j.api_2.0.17 [522])
2025-08-14 20:05:24,918 [Worker-48: Launching TodoList-cli] INFO  o.eclipse.m2e.core.internal.Bundles - 	Entry: C:\Users\hbui3\.p2\pool\plugins\slf4j.api_2.0.17.jar
2025-08-14 20:05:24,918 [Worker-48: Launching TodoList-cli] INFO  o.eclipse.m2e.core.internal.Bundles - getClasspathEntries(Bundle=jakarta.inject.jakarta.inject-api_1.0.5 [24])
2025-08-14 20:05:24,918 [Worker-48: Launching TodoList-cli] INFO  o.eclipse.m2e.core.internal.Bundles - 	Entry: C:\Users\hbui3\.p2\pool\plugins\jakarta.inject.jakarta.inject-api_1.0.5.jar
2025-08-14 20:05:24,918 [Worker-48: Launching TodoList-cli] INFO  o.eclipse.m2e.core.internal.Bundles - getClasspathEntries(Bundle=javax.annotation_1.3.5.v20200909-1856 [27])
2025-08-14 20:05:24,918 [Worker-48: Launching TodoList-cli] INFO  o.eclipse.m2e.core.internal.Bundles - 	Entry: C:\Users\hbui3\.p2\pool\plugins\javax.annotation_1.3.5.v20200909-1856.jar
2025-08-14 20:05:24,918 [Worker-48: Launching TodoList-cli] INFO  o.eclipse.m2e.core.internal.Bundles - getClasspathEntries(Bundle=org.apache.commons.cli_1.9.0 [49])
2025-08-14 20:05:24,919 [Worker-48: Launching TodoList-cli] INFO  o.eclipse.m2e.core.internal.Bundles - 	Entry: C:\Users\hbui3\.p2\pool\plugins\org.apache.commons.cli_1.9.0.jar
2025-08-14 20:05:24,919 [Worker-48: Launching TodoList-cli] INFO  o.eclipse.m2e.core.internal.Bundles - getClasspathEntries(Bundle=org.apache.commons.commons-codec_1.19.0 [553])
2025-08-14 20:05:24,919 [Worker-48: Launching TodoList-cli] INFO  o.eclipse.m2e.core.internal.Bundles - 	Entry: C:\Users\hbui3\.p2\pool\plugins\org.apache.commons.commons-codec_1.19.0.jar
2025-08-14 20:05:24,919 [Worker-48: Launching TodoList-cli] INFO  o.eclipse.m2e.core.internal.Bundles - getClasspathEntries(Bundle=com.google.guava.failureaccess_1.0.3 [14])
2025-08-14 20:05:24,919 [Worker-48: Launching TodoList-cli] INFO  o.eclipse.m2e.core.internal.Bundles - 	Entry: C:\Users\hbui3\.p2\pool\plugins\com.google.guava.failureaccess_1.0.3.jar
2025-08-14 20:05:24,921 [Worker-48: Launching TodoList-cli] INFO  o.e.m.i.launch.MavenLaunchDelegate - Run build in "C:\Users\hbui3\OneDrive\Desktop\Java-prj\Todo-cli\TodoList-cli":
2025-08-14 20:05:24,921 [Worker-48: Launching TodoList-cli] INFO  o.e.m.i.launch.MavenLaunchDelegate -  mvn  -B -Dstyle.color=always 
2025-08-14 20:08:38,415 [Worker-47: Launching TodoList-cli] INFO  o.eclipse.m2e.core.internal.Bundles - getClasspathEntries(Bundle=org.eclipse.m2e.maven.runtime_3.9.900.20250220-2013 [299])
2025-08-14 20:08:38,416 [Worker-47: Launching TodoList-cli] INFO  o.eclipse.m2e.core.internal.Bundles - 	Entry: C:\Users\hbui3\.p2\pool\plugins\org.eclipse.m2e.maven.runtime_3.9.900.20250220-2013
2025-08-14 20:08:38,416 [Worker-47: Launching TodoList-cli] INFO  o.eclipse.m2e.core.internal.Bundles - 	Entry: C:\Users\hbui3\.p2\pool\plugins\org.eclipse.m2e.maven.runtime_3.9.900.20250220-2013\jars\aopalliance-1.0.jar
2025-08-14 20:08:38,416 [Worker-47: Launching TodoList-cli] INFO  o.eclipse.m2e.core.internal.Bundles - 	Entry: C:\Users\hbui3\.p2\pool\plugins\org.eclipse.m2e.maven.runtime_3.9.900.20250220-2013\jars\guice-5.1.0.jar
2025-08-14 20:08:38,417 [Worker-47: Launching TodoList-cli] INFO  o.eclipse.m2e.core.internal.Bundles - 	Entry: C:\Users\hbui3\.p2\pool\plugins\org.eclipse.m2e.maven.runtime_3.9.900.20250220-2013\jars\httpclient-4.5.14.jar
2025-08-14 20:08:38,417 [Worker-47: Launching TodoList-cli] INFO  o.eclipse.m2e.core.internal.Bundles - 	Entry: C:\Users\hbui3\.p2\pool\plugins\org.eclipse.m2e.maven.runtime_3.9.900.20250220-2013\jars\httpcore-4.4.16.jar
2025-08-14 20:08:38,417 [Worker-47: Launching TodoList-cli] INFO  o.eclipse.m2e.core.internal.Bundles - 	Entry: C:\Users\hbui3\.p2\pool\plugins\org.eclipse.m2e.maven.runtime_3.9.900.20250220-2013\jars\jansi-2.4.1.jar
2025-08-14 20:08:38,417 [Worker-47: Launching TodoList-cli] INFO  o.eclipse.m2e.core.internal.Bundles - 	Entry: C:\Users\hbui3\.p2\pool\plugins\org.eclipse.m2e.maven.runtime_3.9.900.20250220-2013\jars\jcl-over-slf4j-1.7.36.jar
2025-08-14 20:08:38,417 [Worker-47: Launching TodoList-cli] INFO  o.eclipse.m2e.core.internal.Bundles - 	Entry: C:\Users\hbui3\.p2\pool\plugins\org.eclipse.m2e.maven.runtime_3.9.900.20250220-2013\jars\maven-artifact-3.9.9.jar
2025-08-14 20:08:38,417 [Worker-47: Launching TodoList-cli] INFO  o.eclipse.m2e.core.internal.Bundles - 	Entry: C:\Users\hbui3\.p2\pool\plugins\org.eclipse.m2e.maven.runtime_3.9.900.20250220-2013\jars\maven-builder-support-3.9.9.jar
2025-08-14 20:08:38,417 [Worker-47: Launching TodoList-cli] INFO  o.eclipse.m2e.core.internal.Bundles - 	Entry: C:\Users\hbui3\.p2\pool\plugins\org.eclipse.m2e.maven.runtime_3.9.900.20250220-2013\jars\maven-compat-3.9.9.jar
2025-08-14 20:08:38,417 [Worker-47: Launching TodoList-cli] INFO  o.eclipse.m2e.core.internal.Bundles - 	Entry: C:\Users\hbui3\.p2\pool\plugins\org.eclipse.m2e.maven.runtime_3.9.900.20250220-2013\jars\maven-core-3.9.9.jar
2025-08-14 20:08:38,417 [Worker-47: Launching TodoList-cli] INFO  o.eclipse.m2e.core.internal.Bundles - 	Entry: C:\Users\hbui3\.p2\pool\plugins\org.eclipse.m2e.maven.runtime_3.9.900.20250220-2013\jars\maven-embedder-3.9.9.jar
2025-08-14 20:08:38,418 [Worker-47: Launching TodoList-cli] INFO  o.eclipse.m2e.core.internal.Bundles - 	Entry: C:\Users\hbui3\.p2\pool\plugins\org.eclipse.m2e.maven.runtime_3.9.900.20250220-2013\jars\maven-model-3.9.9.jar
2025-08-14 20:08:38,418 [Worker-47: Launching TodoList-cli] INFO  o.eclipse.m2e.core.internal.Bundles - 	Entry: C:\Users\hbui3\.p2\pool\plugins\org.eclipse.m2e.maven.runtime_3.9.900.20250220-2013\jars\maven-model-builder-3.9.9.jar
2025-08-14 20:08:38,418 [Worker-47: Launching TodoList-cli] INFO  o.eclipse.m2e.core.internal.Bundles - 	Entry: C:\Users\hbui3\.p2\pool\plugins\org.eclipse.m2e.maven.runtime_3.9.900.20250220-2013\jars\maven-plugin-api-3.9.9.jar
2025-08-14 20:08:38,418 [Worker-47: Launching TodoList-cli] INFO  o.eclipse.m2e.core.internal.Bundles - 	Entry: C:\Users\hbui3\.p2\pool\plugins\org.eclipse.m2e.maven.runtime_3.9.900.20250220-2013\jars\maven-repository-metadata-3.9.9.jar
2025-08-14 20:08:38,418 [Worker-47: Launching TodoList-cli] INFO  o.eclipse.m2e.core.internal.Bundles - 	Entry: C:\Users\hbui3\.p2\pool\plugins\org.eclipse.m2e.maven.runtime_3.9.900.20250220-2013\jars\maven-resolver-api-1.9.22.jar
2025-08-14 20:08:38,418 [Worker-47: Launching TodoList-cli] INFO  o.eclipse.m2e.core.internal.Bundles - 	Entry: C:\Users\hbui3\.p2\pool\plugins\org.eclipse.m2e.maven.runtime_3.9.900.20250220-2013\jars\maven-resolver-connector-basic-1.9.22.jar
2025-08-14 20:08:38,418 [Worker-47: Launching TodoList-cli] INFO  o.eclipse.m2e.core.internal.Bundles - 	Entry: C:\Users\hbui3\.p2\pool\plugins\org.eclipse.m2e.maven.runtime_3.9.900.20250220-2013\jars\maven-resolver-impl-1.9.22.jar
2025-08-14 20:08:38,418 [Worker-47: Launching TodoList-cli] INFO  o.eclipse.m2e.core.internal.Bundles - 	Entry: C:\Users\hbui3\.p2\pool\plugins\org.eclipse.m2e.maven.runtime_3.9.900.20250220-2013\jars\maven-resolver-named-locks-1.9.22.jar
2025-08-14 20:08:38,419 [Worker-47: Launching TodoList-cli] INFO  o.eclipse.m2e.core.internal.Bundles - 	Entry: C:\Users\hbui3\.p2\pool\plugins\org.eclipse.m2e.maven.runtime_3.9.900.20250220-2013\jars\maven-resolver-provider-3.9.9.jar
2025-08-14 20:08:38,419 [Worker-47: Launching TodoList-cli] INFO  o.eclipse.m2e.core.internal.Bundles - 	Entry: C:\Users\hbui3\.p2\pool\plugins\org.eclipse.m2e.maven.runtime_3.9.900.20250220-2013\jars\maven-resolver-spi-1.9.22.jar
2025-08-14 20:08:38,419 [Worker-47: Launching TodoList-cli] INFO  o.eclipse.m2e.core.internal.Bundles - 	Entry: C:\Users\hbui3\.p2\pool\plugins\org.eclipse.m2e.maven.runtime_3.9.900.20250220-2013\jars\maven-resolver-transport-file-1.9.22.jar
2025-08-14 20:08:38,419 [Worker-47: Launching TodoList-cli] INFO  o.eclipse.m2e.core.internal.Bundles - 	Entry: C:\Users\hbui3\.p2\pool\plugins\org.eclipse.m2e.maven.runtime_3.9.900.20250220-2013\jars\maven-resolver-transport-http-1.9.22.jar
2025-08-14 20:08:38,419 [Worker-47: Launching TodoList-cli] INFO  o.eclipse.m2e.core.internal.Bundles - 	Entry: C:\Users\hbui3\.p2\pool\plugins\org.eclipse.m2e.maven.runtime_3.9.900.20250220-2013\jars\maven-resolver-transport-wagon-1.9.22.jar
2025-08-14 20:08:38,419 [Worker-47: Launching TodoList-cli] INFO  o.eclipse.m2e.core.internal.Bundles - 	Entry: C:\Users\hbui3\.p2\pool\plugins\org.eclipse.m2e.maven.runtime_3.9.900.20250220-2013\jars\maven-resolver-util-1.9.22.jar
2025-08-14 20:08:38,419 [Worker-47: Launching TodoList-cli] INFO  o.eclipse.m2e.core.internal.Bundles - 	Entry: C:\Users\hbui3\.p2\pool\plugins\org.eclipse.m2e.maven.runtime_3.9.900.20250220-2013\jars\maven-settings-3.9.9.jar
2025-08-14 20:08:38,419 [Worker-47: Launching TodoList-cli] INFO  o.eclipse.m2e.core.internal.Bundles - 	Entry: C:\Users\hbui3\.p2\pool\plugins\org.eclipse.m2e.maven.runtime_3.9.900.20250220-2013\jars\maven-settings-builder-3.9.9.jar
2025-08-14 20:08:38,419 [Worker-47: Launching TodoList-cli] INFO  o.eclipse.m2e.core.internal.Bundles - 	Entry: C:\Users\hbui3\.p2\pool\plugins\org.eclipse.m2e.maven.runtime_3.9.900.20250220-2013\jars\maven-shared-utils-3.4.2.jar
2025-08-14 20:08:38,420 [Worker-47: Launching TodoList-cli] INFO  o.eclipse.m2e.core.internal.Bundles - 	Entry: C:\Users\hbui3\.p2\pool\plugins\org.eclipse.m2e.maven.runtime_3.9.900.20250220-2013\jars\org.eclipse.sisu.inject-0.9.0.M3.jar
2025-08-14 20:08:38,420 [Worker-47: Launching TodoList-cli] INFO  o.eclipse.m2e.core.internal.Bundles - 	Entry: C:\Users\hbui3\.p2\pool\plugins\org.eclipse.m2e.maven.runtime_3.9.900.20250220-2013\jars\org.eclipse.sisu.plexus-0.9.0.M3.jar
2025-08-14 20:08:38,420 [Worker-47: Launching TodoList-cli] INFO  o.eclipse.m2e.core.internal.Bundles - 	Entry: C:\Users\hbui3\.p2\pool\plugins\org.eclipse.m2e.maven.runtime_3.9.900.20250220-2013\jars\plexus-build-api-0.0.7.jar
2025-08-14 20:08:38,420 [Worker-47: Launching TodoList-cli] INFO  o.eclipse.m2e.core.internal.Bundles - 	Entry: C:\Users\hbui3\.p2\pool\plugins\org.eclipse.m2e.maven.runtime_3.9.900.20250220-2013\jars\plexus-build-api-1.2.0.jar
2025-08-14 20:08:38,420 [Worker-47: Launching TodoList-cli] INFO  o.eclipse.m2e.core.internal.Bundles - 	Entry: C:\Users\hbui3\.p2\pool\plugins\org.eclipse.m2e.maven.runtime_3.9.900.20250220-2013\jars\plexus-cipher-2.0.jar
2025-08-14 20:08:38,420 [Worker-47: Launching TodoList-cli] INFO  o.eclipse.m2e.core.internal.Bundles - 	Entry: C:\Users\hbui3\.p2\pool\plugins\org.eclipse.m2e.maven.runtime_3.9.900.20250220-2013\jars\plexus-classworlds-2.8.0.jar
2025-08-14 20:08:38,420 [Worker-47: Launching TodoList-cli] INFO  o.eclipse.m2e.core.internal.Bundles - 	Entry: C:\Users\hbui3\.p2\pool\plugins\org.eclipse.m2e.maven.runtime_3.9.900.20250220-2013\jars\plexus-component-annotations-2.1.0.jar
2025-08-14 20:08:38,420 [Worker-47: Launching TodoList-cli] INFO  o.eclipse.m2e.core.internal.Bundles - 	Entry: C:\Users\hbui3\.p2\pool\plugins\org.eclipse.m2e.maven.runtime_3.9.900.20250220-2013\jars\plexus-interpolation-1.27.jar
2025-08-14 20:08:38,420 [Worker-47: Launching TodoList-cli] INFO  o.eclipse.m2e.core.internal.Bundles - 	Entry: C:\Users\hbui3\.p2\pool\plugins\org.eclipse.m2e.maven.runtime_3.9.900.20250220-2013\jars\plexus-sec-dispatcher-2.0.jar
2025-08-14 20:08:38,420 [Worker-47: Launching TodoList-cli] INFO  o.eclipse.m2e.core.internal.Bundles - 	Entry: C:\Users\hbui3\.p2\pool\plugins\org.eclipse.m2e.maven.runtime_3.9.900.20250220-2013\jars\plexus-utils-3.5.1.jar
2025-08-14 20:08:38,421 [Worker-47: Launching TodoList-cli] INFO  o.eclipse.m2e.core.internal.Bundles - 	Entry: C:\Users\hbui3\.p2\pool\plugins\org.eclipse.m2e.maven.runtime_3.9.900.20250220-2013\jars\plexus-xml-3.0.1.jar
2025-08-14 20:08:38,421 [Worker-47: Launching TodoList-cli] INFO  o.eclipse.m2e.core.internal.Bundles - 	Entry: C:\Users\hbui3\.p2\pool\plugins\org.eclipse.m2e.maven.runtime_3.9.900.20250220-2013\jars\wagon-file-3.5.3.jar
2025-08-14 20:08:38,421 [Worker-47: Launching TodoList-cli] INFO  o.eclipse.m2e.core.internal.Bundles - 	Entry: C:\Users\hbui3\.p2\pool\plugins\org.eclipse.m2e.maven.runtime_3.9.900.20250220-2013\jars\wagon-http-3.5.3.jar
2025-08-14 20:08:38,421 [Worker-47: Launching TodoList-cli] INFO  o.eclipse.m2e.core.internal.Bundles - 	Entry: C:\Users\hbui3\.p2\pool\plugins\org.eclipse.m2e.maven.runtime_3.9.900.20250220-2013\jars\wagon-http-shared-3.5.3.jar
2025-08-14 20:08:38,421 [Worker-47: Launching TodoList-cli] INFO  o.eclipse.m2e.core.internal.Bundles - 	Entry: C:\Users\hbui3\.p2\pool\plugins\org.eclipse.m2e.maven.runtime_3.9.900.20250220-2013\jars\wagon-provider-api-3.5.3.jar
2025-08-14 20:08:38,421 [Worker-47: Launching TodoList-cli] INFO  o.eclipse.m2e.core.internal.Bundles - getClasspathEntries(Bundle=com.google.guava_33.4.8.jre [13])
2025-08-14 20:08:38,422 [Worker-47: Launching TodoList-cli] INFO  o.eclipse.m2e.core.internal.Bundles - 	Entry: C:\Users\hbui3\.p2\pool\plugins\com.google.guava_33.4.8.jre.jar
2025-08-14 20:08:38,422 [Worker-47: Launching TodoList-cli] INFO  o.eclipse.m2e.core.internal.Bundles - getClasspathEntries(Bundle=slf4j.api_2.0.17 [522])
2025-08-14 20:08:38,422 [Worker-47: Launching TodoList-cli] INFO  o.eclipse.m2e.core.internal.Bundles - 	Entry: C:\Users\hbui3\.p2\pool\plugins\slf4j.api_2.0.17.jar
2025-08-14 20:08:38,422 [Worker-47: Launching TodoList-cli] INFO  o.eclipse.m2e.core.internal.Bundles - getClasspathEntries(Bundle=jakarta.inject.jakarta.inject-api_1.0.5 [24])
2025-08-14 20:08:38,422 [Worker-47: Launching TodoList-cli] INFO  o.eclipse.m2e.core.internal.Bundles - 	Entry: C:\Users\hbui3\.p2\pool\plugins\jakarta.inject.jakarta.inject-api_1.0.5.jar
2025-08-14 20:08:38,422 [Worker-47: Launching TodoList-cli] INFO  o.eclipse.m2e.core.internal.Bundles - getClasspathEntries(Bundle=javax.annotation_1.3.5.v20200909-1856 [27])
2025-08-14 20:08:38,423 [Worker-47: Launching TodoList-cli] INFO  o.eclipse.m2e.core.internal.Bundles - 	Entry: C:\Users\hbui3\.p2\pool\plugins\javax.annotation_1.3.5.v20200909-1856.jar
2025-08-14 20:08:38,423 [Worker-47: Launching TodoList-cli] INFO  o.eclipse.m2e.core.internal.Bundles - getClasspathEntries(Bundle=org.apache.commons.cli_1.9.0 [49])
2025-08-14 20:08:38,423 [Worker-47: Launching TodoList-cli] INFO  o.eclipse.m2e.core.internal.Bundles - 	Entry: C:\Users\hbui3\.p2\pool\plugins\org.apache.commons.cli_1.9.0.jar
2025-08-14 20:08:38,423 [Worker-47: Launching TodoList-cli] INFO  o.eclipse.m2e.core.internal.Bundles - getClasspathEntries(Bundle=org.apache.commons.commons-codec_1.19.0 [553])
2025-08-14 20:08:38,423 [Worker-47: Launching TodoList-cli] INFO  o.eclipse.m2e.core.internal.Bundles - 	Entry: C:\Users\hbui3\.p2\pool\plugins\org.apache.commons.commons-codec_1.19.0.jar
2025-08-14 20:08:38,423 [Worker-47: Launching TodoList-cli] INFO  o.eclipse.m2e.core.internal.Bundles - getClasspathEntries(Bundle=com.google.guava.failureaccess_1.0.3 [14])
2025-08-14 20:08:38,423 [Worker-47: Launching TodoList-cli] INFO  o.eclipse.m2e.core.internal.Bundles - 	Entry: C:\Users\hbui3\.p2\pool\plugins\com.google.guava.failureaccess_1.0.3.jar
2025-08-14 20:08:38,425 [Worker-47: Launching TodoList-cli] INFO  o.e.m.i.launch.MavenLaunchDelegate - Run build in "C:\Users\hbui3\OneDrive\Desktop\Java-prj\Todo-cli\TodoList-cli":
2025-08-14 20:08:38,425 [Worker-47: Launching TodoList-cli] INFO  o.e.m.i.launch.MavenLaunchDelegate -  mvn  -B -Dstyle.color=always 
2025-08-14 20:08:38,715 [Worker-53: Building] INFO  o.e.m.c.i.l.LifecycleMappingFactory - Using org.eclipse.m2e.jdt.JarLifecycleMapping lifecycle mapping for MavenProject: com.Cornelius:TodoList-cli:1.0.0 @ C:\Users\hbui3\OneDrive\Desktop\Java-prj\Todo-cli\TodoList-cli\pom.xml.
2025-08-14 20:08:39,404 [Worker-53: Building] WARN  o.a.m.s.f.DefaultMavenResourcesFiltering - Using platform encoding (UTF-8 actually) to copy filtered resources, i.e. build is platform dependent!
2025-08-14 20:08:39,407 [Worker-53: Building] INFO  o.a.m.s.f.DefaultMavenResourcesFiltering - Copying 0 resource from src to target\classes
2025-08-14 20:08:39,410 [Worker-53: Building] WARN  o.a.m.s.f.DefaultMavenResourcesFiltering - Using platform encoding (UTF-8 actually) to copy filtered resources, i.e. build is platform dependent!
2025-08-14 20:08:39,411 [Worker-53: Building] INFO  o.a.m.s.f.DefaultMavenResourcesFiltering - skip non existing resourceDirectory C:\Users\hbui3\OneDrive\Desktop\Java-prj\Todo-cli\TodoList-cli\src\test\resources
2025-08-14 20:08:39,636 [Worker-47: Updating Maven Project] INFO  o.e.m.c.i.p.ProjectConfigurationManager - Update started
2025-08-14 20:08:39,796 [Worker-47: Updating Maven Project] INFO  o.e.m.c.i.l.LifecycleMappingFactory - Using org.eclipse.m2e.jdt.JarLifecycleMapping lifecycle mapping for MavenProject: com.Cornelius:TodoList-cli:1.0.0 @ C:\Users\hbui3\OneDrive\Desktop\Java-prj\Todo-cli\TodoList-cli\pom.xml.
2025-08-14 20:08:40,411 [Worker-47: Updating Maven Project] INFO  o.e.m.j.i.AbstractJavaProjectConfigurator - Adding source folder /TodoList-cli/src
2025-08-14 20:08:40,411 [Worker-47: Updating Maven Project] INFO  o.e.m.j.i.AbstractJavaProjectConfigurator - Resources folder /TodoList-cli/src overlaps with sources folder /TodoList-cli/src
2025-08-14 20:08:40,412 [Worker-47: Updating Maven Project] INFO  o.e.m.j.i.AbstractJavaProjectConfigurator - Not adding source folder /TodoList-cli/src/test/java because it overlaps with /TodoList-cli/src
2025-08-14 20:08:40,413 [Worker-47: Updating Maven Project] INFO  o.e.m.j.i.AbstractJavaProjectConfigurator - Resources folder /TodoList-cli/src/test/resources overlaps with sources folder /TodoList-cli/src
2025-08-14 20:08:40,468 [Worker-47: Updating Maven Project] INFO  o.e.m.jdt.internal.UnitTestSupport - Reset launch configuration name: New_configuration
2025-08-14 20:08:40,468 [Worker-47: Updating Maven Project] INFO  o.e.m.jdt.internal.UnitTestSupport - Updating New_configuration from maven configuration
2025-08-14 20:08:40,625 [Worker-47: Updating Maven Project] INFO  o.e.m.c.i.p.ProjectConfigurationManager - Update completed for 1 poms: local refresh takes 0.00 sec, refresh facades takes 0.00 sec, update config takes 0.00 sec 
2025-08-14 20:08:40,801 [Worker-52: Building] WARN  o.a.m.s.f.DefaultMavenResourcesFiltering - Using platform encoding (UTF-8 actually) to copy filtered resources, i.e. build is platform dependent!
2025-08-14 20:08:40,803 [Worker-52: Building] INFO  o.a.m.s.f.DefaultMavenResourcesFiltering - Copying 4 resources from src to target\classes
2025-08-14 20:08:40,810 [Worker-52: Building] WARN  o.a.m.s.f.DefaultMavenResourcesFiltering - Using platform encoding (UTF-8 actually) to copy filtered resources, i.e. build is platform dependent!
2025-08-14 20:08:40,811 [Worker-52: Building] INFO  o.a.m.s.f.DefaultMavenResourcesFiltering - skip non existing resourceDirectory C:\Users\hbui3\OneDrive\Desktop\Java-prj\Todo-cli\TodoList-cli\src\test\resources
2025-08-14 20:09:00,611 [Worker-54: Launching TodoList-cli] INFO  o.eclipse.m2e.core.internal.Bundles - getClasspathEntries(Bundle=org.eclipse.m2e.maven.runtime_3.9.900.20250220-2013 [299])
2025-08-14 20:09:00,612 [Worker-54: Launching TodoList-cli] INFO  o.eclipse.m2e.core.internal.Bundles - 	Entry: C:\Users\hbui3\.p2\pool\plugins\org.eclipse.m2e.maven.runtime_3.9.900.20250220-2013
2025-08-14 20:09:00,612 [Worker-54: Launching TodoList-cli] INFO  o.eclipse.m2e.core.internal.Bundles - 	Entry: C:\Users\hbui3\.p2\pool\plugins\org.eclipse.m2e.maven.runtime_3.9.900.20250220-2013\jars\aopalliance-1.0.jar
2025-08-14 20:09:00,612 [Worker-54: Launching TodoList-cli] INFO  o.eclipse.m2e.core.internal.Bundles - 	Entry: C:\Users\hbui3\.p2\pool\plugins\org.eclipse.m2e.maven.runtime_3.9.900.20250220-2013\jars\guice-5.1.0.jar
2025-08-14 20:09:00,612 [Worker-54: Launching TodoList-cli] INFO  o.eclipse.m2e.core.internal.Bundles - 	Entry: C:\Users\hbui3\.p2\pool\plugins\org.eclipse.m2e.maven.runtime_3.9.900.20250220-2013\jars\httpclient-4.5.14.jar
2025-08-14 20:09:00,612 [Worker-54: Launching TodoList-cli] INFO  o.eclipse.m2e.core.internal.Bundles - 	Entry: C:\Users\hbui3\.p2\pool\plugins\org.eclipse.m2e.maven.runtime_3.9.900.20250220-2013\jars\httpcore-4.4.16.jar
2025-08-14 20:09:00,612 [Worker-54: Launching TodoList-cli] INFO  o.eclipse.m2e.core.internal.Bundles - 	Entry: C:\Users\hbui3\.p2\pool\plugins\org.eclipse.m2e.maven.runtime_3.9.900.20250220-2013\jars\jansi-2.4.1.jar
2025-08-14 20:09:00,612 [Worker-54: Launching TodoList-cli] INFO  o.eclipse.m2e.core.internal.Bundles - 	Entry: C:\Users\hbui3\.p2\pool\plugins\org.eclipse.m2e.maven.runtime_3.9.900.20250220-2013\jars\jcl-over-slf4j-1.7.36.jar
2025-08-14 20:09:00,613 [Worker-54: Launching TodoList-cli] INFO  o.eclipse.m2e.core.internal.Bundles - 	Entry: C:\Users\hbui3\.p2\pool\plugins\org.eclipse.m2e.maven.runtime_3.9.900.20250220-2013\jars\maven-artifact-3.9.9.jar
2025-08-14 20:09:00,613 [Worker-54: Launching TodoList-cli] INFO  o.eclipse.m2e.core.internal.Bundles - 	Entry: C:\Users\hbui3\.p2\pool\plugins\org.eclipse.m2e.maven.runtime_3.9.900.20250220-2013\jars\maven-builder-support-3.9.9.jar
2025-08-14 20:09:00,613 [Worker-54: Launching TodoList-cli] INFO  o.eclipse.m2e.core.internal.Bundles - 	Entry: C:\Users\hbui3\.p2\pool\plugins\org.eclipse.m2e.maven.runtime_3.9.900.20250220-2013\jars\maven-compat-3.9.9.jar
2025-08-14 20:09:00,613 [Worker-54: Launching TodoList-cli] INFO  o.eclipse.m2e.core.internal.Bundles - 	Entry: C:\Users\hbui3\.p2\pool\plugins\org.eclipse.m2e.maven.runtime_3.9.900.20250220-2013\jars\maven-core-3.9.9.jar
2025-08-14 20:09:00,613 [Worker-54: Launching TodoList-cli] INFO  o.eclipse.m2e.core.internal.Bundles - 	Entry: C:\Users\hbui3\.p2\pool\plugins\org.eclipse.m2e.maven.runtime_3.9.900.20250220-2013\jars\maven-embedder-3.9.9.jar
2025-08-14 20:09:00,613 [Worker-54: Launching TodoList-cli] INFO  o.eclipse.m2e.core.internal.Bundles - 	Entry: C:\Users\hbui3\.p2\pool\plugins\org.eclipse.m2e.maven.runtime_3.9.900.20250220-2013\jars\maven-model-3.9.9.jar
2025-08-14 20:09:00,613 [Worker-54: Launching TodoList-cli] INFO  o.eclipse.m2e.core.internal.Bundles - 	Entry: C:\Users\hbui3\.p2\pool\plugins\org.eclipse.m2e.maven.runtime_3.9.900.20250220-2013\jars\maven-model-builder-3.9.9.jar
2025-08-14 20:09:00,613 [Worker-54: Launching TodoList-cli] INFO  o.eclipse.m2e.core.internal.Bundles - 	Entry: C:\Users\hbui3\.p2\pool\plugins\org.eclipse.m2e.maven.runtime_3.9.900.20250220-2013\jars\maven-plugin-api-3.9.9.jar
2025-08-14 20:09:00,613 [Worker-54: Launching TodoList-cli] INFO  o.eclipse.m2e.core.internal.Bundles - 	Entry: C:\Users\hbui3\.p2\pool\plugins\org.eclipse.m2e.maven.runtime_3.9.900.20250220-2013\jars\maven-repository-metadata-3.9.9.jar
2025-08-14 20:09:00,614 [Worker-54: Launching TodoList-cli] INFO  o.eclipse.m2e.core.internal.Bundles - 	Entry: C:\Users\hbui3\.p2\pool\plugins\org.eclipse.m2e.maven.runtime_3.9.900.20250220-2013\jars\maven-resolver-api-1.9.22.jar
2025-08-14 20:09:00,614 [Worker-54: Launching TodoList-cli] INFO  o.eclipse.m2e.core.internal.Bundles - 	Entry: C:\Users\hbui3\.p2\pool\plugins\org.eclipse.m2e.maven.runtime_3.9.900.20250220-2013\jars\maven-resolver-connector-basic-1.9.22.jar
2025-08-14 20:09:00,614 [Worker-54: Launching TodoList-cli] INFO  o.eclipse.m2e.core.internal.Bundles - 	Entry: C:\Users\hbui3\.p2\pool\plugins\org.eclipse.m2e.maven.runtime_3.9.900.20250220-2013\jars\maven-resolver-impl-1.9.22.jar
2025-08-14 20:09:00,614 [Worker-54: Launching TodoList-cli] INFO  o.eclipse.m2e.core.internal.Bundles - 	Entry: C:\Users\hbui3\.p2\pool\plugins\org.eclipse.m2e.maven.runtime_3.9.900.20250220-2013\jars\maven-resolver-named-locks-1.9.22.jar
2025-08-14 20:09:00,614 [Worker-54: Launching TodoList-cli] INFO  o.eclipse.m2e.core.internal.Bundles - 	Entry: C:\Users\hbui3\.p2\pool\plugins\org.eclipse.m2e.maven.runtime_3.9.900.20250220-2013\jars\maven-resolver-provider-3.9.9.jar
2025-08-14 20:09:00,614 [Worker-54: Launching TodoList-cli] INFO  o.eclipse.m2e.core.internal.Bundles - 	Entry: C:\Users\hbui3\.p2\pool\plugins\org.eclipse.m2e.maven.runtime_3.9.900.20250220-2013\jars\maven-resolver-spi-1.9.22.jar
2025-08-14 20:09:00,614 [Worker-54: Launching TodoList-cli] INFO  o.eclipse.m2e.core.internal.Bundles - 	Entry: C:\Users\hbui3\.p2\pool\plugins\org.eclipse.m2e.maven.runtime_3.9.900.20250220-2013\jars\maven-resolver-transport-file-1.9.22.jar
2025-08-14 20:09:00,614 [Worker-54: Launching TodoList-cli] INFO  o.eclipse.m2e.core.internal.Bundles - 	Entry: C:\Users\hbui3\.p2\pool\plugins\org.eclipse.m2e.maven.runtime_3.9.900.20250220-2013\jars\maven-resolver-transport-http-1.9.22.jar
2025-08-14 20:09:00,614 [Worker-54: Launching TodoList-cli] INFO  o.eclipse.m2e.core.internal.Bundles - 	Entry: C:\Users\hbui3\.p2\pool\plugins\org.eclipse.m2e.maven.runtime_3.9.900.20250220-2013\jars\maven-resolver-transport-wagon-1.9.22.jar
2025-08-14 20:09:00,614 [Worker-54: Launching TodoList-cli] INFO  o.eclipse.m2e.core.internal.Bundles - 	Entry: C:\Users\hbui3\.p2\pool\plugins\org.eclipse.m2e.maven.runtime_3.9.900.20250220-2013\jars\maven-resolver-util-1.9.22.jar
2025-08-14 20:09:00,615 [Worker-54: Launching TodoList-cli] INFO  o.eclipse.m2e.core.internal.Bundles - 	Entry: C:\Users\hbui3\.p2\pool\plugins\org.eclipse.m2e.maven.runtime_3.9.900.20250220-2013\jars\maven-settings-3.9.9.jar
2025-08-14 20:09:00,615 [Worker-54: Launching TodoList-cli] INFO  o.eclipse.m2e.core.internal.Bundles - 	Entry: C:\Users\hbui3\.p2\pool\plugins\org.eclipse.m2e.maven.runtime_3.9.900.20250220-2013\jars\maven-settings-builder-3.9.9.jar
2025-08-14 20:09:00,615 [Worker-54: Launching TodoList-cli] INFO  o.eclipse.m2e.core.internal.Bundles - 	Entry: C:\Users\hbui3\.p2\pool\plugins\org.eclipse.m2e.maven.runtime_3.9.900.20250220-2013\jars\maven-shared-utils-3.4.2.jar
2025-08-14 20:09:00,615 [Worker-54: Launching TodoList-cli] INFO  o.eclipse.m2e.core.internal.Bundles - 	Entry: C:\Users\hbui3\.p2\pool\plugins\org.eclipse.m2e.maven.runtime_3.9.900.20250220-2013\jars\org.eclipse.sisu.inject-0.9.0.M3.jar
2025-08-14 20:09:00,615 [Worker-54: Launching TodoList-cli] INFO  o.eclipse.m2e.core.internal.Bundles - 	Entry: C:\Users\hbui3\.p2\pool\plugins\org.eclipse.m2e.maven.runtime_3.9.900.20250220-2013\jars\org.eclipse.sisu.plexus-0.9.0.M3.jar
2025-08-14 20:09:00,615 [Worker-54: Launching TodoList-cli] INFO  o.eclipse.m2e.core.internal.Bundles - 	Entry: C:\Users\hbui3\.p2\pool\plugins\org.eclipse.m2e.maven.runtime_3.9.900.20250220-2013\jars\plexus-build-api-0.0.7.jar
2025-08-14 20:09:00,615 [Worker-54: Launching TodoList-cli] INFO  o.eclipse.m2e.core.internal.Bundles - 	Entry: C:\Users\hbui3\.p2\pool\plugins\org.eclipse.m2e.maven.runtime_3.9.900.20250220-2013\jars\plexus-build-api-1.2.0.jar
2025-08-14 20:09:00,615 [Worker-54: Launching TodoList-cli] INFO  o.eclipse.m2e.core.internal.Bundles - 	Entry: C:\Users\hbui3\.p2\pool\plugins\org.eclipse.m2e.maven.runtime_3.9.900.20250220-2013\jars\plexus-cipher-2.0.jar
2025-08-14 20:09:00,615 [Worker-54: Launching TodoList-cli] INFO  o.eclipse.m2e.core.internal.Bundles - 	Entry: C:\Users\hbui3\.p2\pool\plugins\org.eclipse.m2e.maven.runtime_3.9.900.20250220-2013\jars\plexus-classworlds-2.8.0.jar
2025-08-14 20:09:00,615 [Worker-54: Launching TodoList-cli] INFO  o.eclipse.m2e.core.internal.Bundles - 	Entry: C:\Users\hbui3\.p2\pool\plugins\org.eclipse.m2e.maven.runtime_3.9.900.20250220-2013\jars\plexus-component-annotations-2.1.0.jar
2025-08-14 20:09:00,615 [Worker-54: Launching TodoList-cli] INFO  o.eclipse.m2e.core.internal.Bundles - 	Entry: C:\Users\hbui3\.p2\pool\plugins\org.eclipse.m2e.maven.runtime_3.9.900.20250220-2013\jars\plexus-interpolation-1.27.jar
2025-08-14 20:09:00,615 [Worker-54: Launching TodoList-cli] INFO  o.eclipse.m2e.core.internal.Bundles - 	Entry: C:\Users\hbui3\.p2\pool\plugins\org.eclipse.m2e.maven.runtime_3.9.900.20250220-2013\jars\plexus-sec-dispatcher-2.0.jar
2025-08-14 20:09:00,615 [Worker-54: Launching TodoList-cli] INFO  o.eclipse.m2e.core.internal.Bundles - 	Entry: C:\Users\hbui3\.p2\pool\plugins\org.eclipse.m2e.maven.runtime_3.9.900.20250220-2013\jars\plexus-utils-3.5.1.jar
2025-08-14 20:09:00,616 [Worker-54: Launching TodoList-cli] INFO  o.eclipse.m2e.core.internal.Bundles - 	Entry: C:\Users\hbui3\.p2\pool\plugins\org.eclipse.m2e.maven.runtime_3.9.900.20250220-2013\jars\plexus-xml-3.0.1.jar
2025-08-14 20:09:00,616 [Worker-54: Launching TodoList-cli] INFO  o.eclipse.m2e.core.internal.Bundles - 	Entry: C:\Users\hbui3\.p2\pool\plugins\org.eclipse.m2e.maven.runtime_3.9.900.20250220-2013\jars\wagon-file-3.5.3.jar
2025-08-14 20:09:00,616 [Worker-54: Launching TodoList-cli] INFO  o.eclipse.m2e.core.internal.Bundles - 	Entry: C:\Users\hbui3\.p2\pool\plugins\org.eclipse.m2e.maven.runtime_3.9.900.20250220-2013\jars\wagon-http-3.5.3.jar
2025-08-14 20:09:00,616 [Worker-54: Launching TodoList-cli] INFO  o.eclipse.m2e.core.internal.Bundles - 	Entry: C:\Users\hbui3\.p2\pool\plugins\org.eclipse.m2e.maven.runtime_3.9.900.20250220-2013\jars\wagon-http-shared-3.5.3.jar
2025-08-14 20:09:00,616 [Worker-54: Launching TodoList-cli] INFO  o.eclipse.m2e.core.internal.Bundles - 	Entry: C:\Users\hbui3\.p2\pool\plugins\org.eclipse.m2e.maven.runtime_3.9.900.20250220-2013\jars\wagon-provider-api-3.5.3.jar
2025-08-14 20:09:00,616 [Worker-54: Launching TodoList-cli] INFO  o.eclipse.m2e.core.internal.Bundles - getClasspathEntries(Bundle=com.google.guava_33.4.8.jre [13])
2025-08-14 20:09:00,617 [Worker-54: Launching TodoList-cli] INFO  o.eclipse.m2e.core.internal.Bundles - 	Entry: C:\Users\hbui3\.p2\pool\plugins\com.google.guava_33.4.8.jre.jar
2025-08-14 20:09:00,617 [Worker-54: Launching TodoList-cli] INFO  o.eclipse.m2e.core.internal.Bundles - getClasspathEntries(Bundle=slf4j.api_2.0.17 [522])
2025-08-14 20:09:00,617 [Worker-54: Launching TodoList-cli] INFO  o.eclipse.m2e.core.internal.Bundles - 	Entry: C:\Users\hbui3\.p2\pool\plugins\slf4j.api_2.0.17.jar
2025-08-14 20:09:00,617 [Worker-54: Launching TodoList-cli] INFO  o.eclipse.m2e.core.internal.Bundles - getClasspathEntries(Bundle=jakarta.inject.jakarta.inject-api_1.0.5 [24])
2025-08-14 20:09:00,617 [Worker-54: Launching TodoList-cli] INFO  o.eclipse.m2e.core.internal.Bundles - 	Entry: C:\Users\hbui3\.p2\pool\plugins\jakarta.inject.jakarta.inject-api_1.0.5.jar
2025-08-14 20:09:00,617 [Worker-54: Launching TodoList-cli] INFO  o.eclipse.m2e.core.internal.Bundles - getClasspathEntries(Bundle=javax.annotation_1.3.5.v20200909-1856 [27])
2025-08-14 20:09:00,617 [Worker-54: Launching TodoList-cli] INFO  o.eclipse.m2e.core.internal.Bundles - 	Entry: C:\Users\hbui3\.p2\pool\plugins\javax.annotation_1.3.5.v20200909-1856.jar
2025-08-14 20:09:00,617 [Worker-54: Launching TodoList-cli] INFO  o.eclipse.m2e.core.internal.Bundles - getClasspathEntries(Bundle=org.apache.commons.cli_1.9.0 [49])
2025-08-14 20:09:00,618 [Worker-54: Launching TodoList-cli] INFO  o.eclipse.m2e.core.internal.Bundles - 	Entry: C:\Users\hbui3\.p2\pool\plugins\org.apache.commons.cli_1.9.0.jar
2025-08-14 20:09:00,618 [Worker-54: Launching TodoList-cli] INFO  o.eclipse.m2e.core.internal.Bundles - getClasspathEntries(Bundle=org.apache.commons.commons-codec_1.19.0 [553])
2025-08-14 20:09:00,618 [Worker-54: Launching TodoList-cli] INFO  o.eclipse.m2e.core.internal.Bundles - 	Entry: C:\Users\hbui3\.p2\pool\plugins\org.apache.commons.commons-codec_1.19.0.jar
2025-08-14 20:09:00,618 [Worker-54: Launching TodoList-cli] INFO  o.eclipse.m2e.core.internal.Bundles - getClasspathEntries(Bundle=com.google.guava.failureaccess_1.0.3 [14])
2025-08-14 20:09:00,618 [Worker-54: Launching TodoList-cli] INFO  o.eclipse.m2e.core.internal.Bundles - 	Entry: C:\Users\hbui3\.p2\pool\plugins\com.google.guava.failureaccess_1.0.3.jar
2025-08-14 20:09:00,620 [Worker-54: Launching TodoList-cli] INFO  o.e.m.i.launch.MavenLaunchDelegate - Run build in "C:\Users\hbui3\OneDrive\Desktop\Java-prj\Todo-cli\TodoList-cli":
2025-08-14 20:09:00,620 [Worker-54: Launching TodoList-cli] INFO  o.e.m.i.launch.MavenLaunchDelegate -  mvn  -B -Dstyle.color=always 
2025-08-14 20:17:47,702 [Worker-62: Building] INFO  o.e.m.c.i.e.AbstractTransferListenerAdapter - Downloading https://repo.maven.apache.org/maven2/org/apache/maven/plugins/maven-jar-plugin/3.3.0/maven-jar-plugin-3.3.0.jar
2025-08-14 20:17:48,042 [Worker-62: Building] INFO  o.e.m.c.i.e.AbstractTransferListenerAdapter - Downloaded https://repo.maven.apache.org/maven2/org/apache/maven/plugins/maven-jar-plugin/3.3.0/maven-jar-plugin-3.3.0.jar
2025-08-14 20:17:48,190 [Worker-62: Building] INFO  o.e.m.c.i.e.AbstractTransferListenerAdapter - Downloading https://repo.maven.apache.org/maven2/org/apache/maven/plugins/maven-shade-plugin/3.5.0/maven-shade-plugin-3.5.0.jar
2025-08-14 20:17:48,243 [Worker-62: Building] INFO  o.e.m.c.i.e.AbstractTransferListenerAdapter - Downloaded https://repo.maven.apache.org/maven2/org/apache/maven/plugins/maven-shade-plugin/3.5.0/maven-shade-plugin-3.5.0.jar
2025-08-14 20:17:48,350 [Worker-62: Building] INFO  o.e.m.c.i.l.LifecycleMappingFactory - Using org.eclipse.m2e.jdt.JarLifecycleMapping lifecycle mapping for MavenProject: com.Cornelius:TodoList-cli:1.0.0 @ C:\Users\hbui3\OneDrive\Desktop\Java-prj\Todo-cli\TodoList-cli\pom.xml.
2025-08-14 20:17:48,800 [Worker-62: Building] INFO  o.e.m.c.i.e.AbstractTransferListenerAdapter - Downloading https://repo.maven.apache.org/maven2/org/apache/maven/plugins/maven-jar-plugin/3.3.0/maven-jar-plugin-3.3.0.pom
2025-08-14 20:17:48,825 [Worker-62: Building] INFO  o.e.m.c.i.e.AbstractTransferListenerAdapter - Downloaded https://repo.maven.apache.org/maven2/org/apache/maven/plugins/maven-jar-plugin/3.3.0/maven-jar-plugin-3.3.0.pom
2025-08-14 20:17:48,845 [Worker-62: Building] INFO  o.e.m.c.i.e.AbstractTransferListenerAdapter - Downloading https://repo.maven.apache.org/maven2/org/apache/maven/plugins/maven-plugins/37/maven-plugins-37.pom
2025-08-14 20:17:48,875 [Worker-62: Building] INFO  o.e.m.c.i.e.AbstractTransferListenerAdapter - Downloaded https://repo.maven.apache.org/maven2/org/apache/maven/plugins/maven-plugins/37/maven-plugins-37.pom
2025-08-14 20:17:48,908 [Worker-62: Building] INFO  o.e.m.c.i.e.AbstractTransferListenerAdapter - Downloading https://repo.maven.apache.org/maven2/org/apache/maven/maven-parent/37/maven-parent-37.pom
2025-08-14 20:17:48,933 [Worker-62: Building] INFO  o.e.m.c.i.e.AbstractTransferListenerAdapter - Downloaded https://repo.maven.apache.org/maven2/org/apache/maven/maven-parent/37/maven-parent-37.pom
2025-08-14 20:17:48,996 [Worker-62: Building] WARN  o.a.m.s.f.DefaultMavenResourcesFiltering - Using platform encoding (UTF-8 actually) to copy filtered resources, i.e. build is platform dependent!
2025-08-14 20:17:49,001 [Worker-62: Building] INFO  o.a.m.s.f.DefaultMavenResourcesFiltering - Copying 0 resource from src to target\classes
2025-08-14 20:17:49,004 [Worker-62: Building] WARN  o.a.m.s.f.DefaultMavenResourcesFiltering - Using platform encoding (UTF-8 actually) to copy filtered resources, i.e. build is platform dependent!
2025-08-14 20:17:49,004 [Worker-62: Building] INFO  o.a.m.s.f.DefaultMavenResourcesFiltering - skip non existing resourceDirectory C:\Users\hbui3\OneDrive\Desktop\Java-prj\Todo-cli\TodoList-cli\src\test\resources
2025-08-14 20:17:49,020 [Worker-62: Building] INFO  o.e.m.c.i.e.AbstractTransferListenerAdapter - Downloading https://repo.maven.apache.org/maven2/org/apache/maven/plugins/maven-shade-plugin/3.5.0/maven-shade-plugin-3.5.0.pom
2025-08-14 20:17:49,047 [Worker-62: Building] INFO  o.e.m.c.i.e.AbstractTransferListenerAdapter - Downloaded https://repo.maven.apache.org/maven2/org/apache/maven/plugins/maven-shade-plugin/3.5.0/maven-shade-plugin-3.5.0.pom
2025-08-14 20:17:49,177 [Worker-62: Building] INFO  o.e.m.c.i.e.AbstractTransferListenerAdapter - Downloading https://repo.maven.apache.org/maven2/org/apache/maven/maven-archiver/3.6.0/maven-archiver-3.6.0.jar
2025-08-14 20:17:49,359 [Worker-62: Building] INFO  o.e.m.c.i.e.AbstractTransferListenerAdapter - Downloaded https://repo.maven.apache.org/maven2/org/apache/maven/maven-archiver/3.6.0/maven-archiver-3.6.0.jar
2025-08-14 20:17:49,393 [BasicRepositoryConnector-repo.maven.apache.org-1-2] INFO  o.e.m.c.i.e.AbstractTransferListenerAdapter - Downloading https://repo.maven.apache.org/maven2/org/apache/commons/commons-compress/1.21/commons-compress-1.21.jar
2025-08-14 20:17:49,450 [BasicRepositoryConnector-repo.maven.apache.org-1-1] INFO  o.e.m.c.i.e.AbstractTransferListenerAdapter - Downloading https://repo.maven.apache.org/maven2/org/codehaus/plexus/plexus-archiver/4.4.0/plexus-archiver-4.4.0.jar
2025-08-14 20:17:49,451 [BasicRepositoryConnector-repo.maven.apache.org-1-0] INFO  o.e.m.c.i.e.AbstractTransferListenerAdapter - Downloading https://repo.maven.apache.org/maven2/org/codehaus/plexus/plexus-io/3.4.0/plexus-io-3.4.0.jar
2025-08-14 20:17:49,452 [BasicRepositoryConnector-repo.maven.apache.org-1-3] INFO  o.e.m.c.i.e.AbstractTransferListenerAdapter - Downloading https://repo.maven.apache.org/maven2/org/codehaus/plexus/plexus-utils/3.4.2/plexus-utils-3.4.2.jar
2025-08-14 20:17:49,489 [BasicRepositoryConnector-repo.maven.apache.org-1-2] INFO  o.e.m.c.i.e.AbstractTransferListenerAdapter - Downloaded https://repo.maven.apache.org/maven2/org/apache/commons/commons-compress/1.21/commons-compress-1.21.jar
2025-08-14 20:17:49,503 [BasicRepositoryConnector-repo.maven.apache.org-1-0] INFO  o.e.m.c.i.e.AbstractTransferListenerAdapter - Downloaded https://repo.maven.apache.org/maven2/org/codehaus/plexus/plexus-io/3.4.0/plexus-io-3.4.0.jar
2025-08-14 20:17:49,522 [BasicRepositoryConnector-repo.maven.apache.org-1-1] INFO  o.e.m.c.i.e.AbstractTransferListenerAdapter - Downloaded https://repo.maven.apache.org/maven2/org/codehaus/plexus/plexus-archiver/4.4.0/plexus-archiver-4.4.0.jar
2025-08-14 20:17:49,545 [BasicRepositoryConnector-repo.maven.apache.org-1-3] INFO  o.e.m.c.i.e.AbstractTransferListenerAdapter - Downloaded https://repo.maven.apache.org/maven2/org/codehaus/plexus/plexus-utils/3.4.2/plexus-utils-3.4.2.jar
2025-08-14 20:17:49,653 [Worker-42: Updating Maven Project] INFO  o.e.m.c.i.p.ProjectConfigurationManager - Update started
2025-08-14 20:17:49,786 [Worker-42: Updating Maven Project] INFO  o.e.m.c.i.l.LifecycleMappingFactory - Using org.eclipse.m2e.jdt.JarLifecycleMapping lifecycle mapping for MavenProject: com.Cornelius:TodoList-cli:1.0.0 @ C:\Users\hbui3\OneDrive\Desktop\Java-prj\Todo-cli\TodoList-cli\pom.xml.
2025-08-14 20:17:50,362 [Worker-42: Updating Maven Project] INFO  o.e.m.j.i.AbstractJavaProjectConfigurator - Adding source folder /TodoList-cli/src
2025-08-14 20:17:50,363 [Worker-42: Updating Maven Project] INFO  o.e.m.j.i.AbstractJavaProjectConfigurator - Resources folder /TodoList-cli/src overlaps with sources folder /TodoList-cli/src
2025-08-14 20:17:50,363 [Worker-42: Updating Maven Project] INFO  o.e.m.j.i.AbstractJavaProjectConfigurator - Not adding source folder /TodoList-cli/src/test/java because it overlaps with /TodoList-cli/src
2025-08-14 20:17:50,364 [Worker-42: Updating Maven Project] INFO  o.e.m.j.i.AbstractJavaProjectConfigurator - Resources folder /TodoList-cli/src/test/resources overlaps with sources folder /TodoList-cli/src
2025-08-14 20:17:50,419 [Worker-42: Updating Maven Project] INFO  o.e.m.jdt.internal.UnitTestSupport - Reset launch configuration name: New_configuration
2025-08-14 20:17:50,419 [Worker-42: Updating Maven Project] INFO  o.e.m.jdt.internal.UnitTestSupport - Updating New_configuration from maven configuration
2025-08-14 20:17:50,567 [Worker-42: Updating Maven Project] INFO  o.e.m.c.i.p.ProjectConfigurationManager - Update completed for 1 poms: local refresh takes 0.00 sec, refresh facades takes 0.00 sec, update config takes 0.00 sec 
2025-08-14 21:07:30,047 [Worker-5: Loading available Gradle versions] INFO  o.e.b.c.i.u.g.PublishedGradleVersions - Gradle version information cache is out-of-date. Trying to update.
2025-08-16 19:46:06,324 [Worker-2: Loading available Gradle versions] INFO  o.e.b.c.i.u.g.PublishedGradleVersions - Gradle version information cache is out-of-date. Trying to update.
